-- INSERÇÕES NA TABELA DE VENDEDOR
insert into TB_VENDEDOR (ID_VENDEDOR, NOME, ENDERECO, TELEFONE, CELULAR, EMAIL, CNPJ, NR_CONTRATO, DATA_INICIO_CONTRATO, DATA_FIM_CONTRATO, DATA_ENTRADA_SISTEMA, STATUS, DATA_INATIVACAO) values (1, 'Livepath', '33149 New Castle Point', '(28)98797-33957', '(63)16191-39469', 'aschindler0@globo.com', '17.188.76/2526-85', '05.0872056.79', '2020-01-01', '2023-06-01', '2020-01-01', 'ATIVO', null);
insert into TB_VENDEDOR (ID_VENDEDOR, NOME, ENDERECO, TELEFONE, CELULAR, EMAIL, CNPJ, NR_CONTRATO, DATA_INICIO_CONTRATO, DATA_FIM_CONTRATO, DATA_ENTRADA_SISTEMA, STATUS, DATA_INATIVACAO) values (2, 'Kazio', '96 Gerald Street', '(05)12524-84298', '(48)53239-34858', 'qrodbourne1@yale.edu', '07.127.91/1928-59', '77.2050132.08', '2020-01-01', '2023-06-01', '2020-01-01', 'ATIVO', null);
insert into TB_VENDEDOR (ID_VENDEDOR, NOME, ENDERECO, TELEFONE, CELULAR, EMAIL, CNPJ, NR_CONTRATO, DATA_INICIO_CONTRATO, DATA_FIM_CONTRATO, DATA_ENTRADA_SISTEMA, STATUS, DATA_INATIVACAO) values (3, 'Blogtags', '956 Graedel Junction', '(03)49709-53702', '(35)54404-67376', 'jlackney2@people.com.cn', '31.046.24/9515-21', '62.9949383.60', '2020-01-01', '2023-06-01', '2020-01-01', 'ATIVO', null);
insert into TB_VENDEDOR (ID_VENDEDOR, NOME, ENDERECO, TELEFONE, CELULAR, EMAIL, CNPJ, NR_CONTRATO, DATA_INICIO_CONTRATO, DATA_FIM_CONTRATO, DATA_ENTRADA_SISTEMA, STATUS, DATA_INATIVACAO) values (4, 'Pixonyx', '13 Almo Park', '(90)85664-67510', '(87)53150-48764', 'jfreire3@webnode.com', '49.442.44/1499-86', '63.6264540.79', '2020-01-01', '2023-06-01', '2020-01-01', 'ATIVO', null);
insert into TB_VENDEDOR (ID_VENDEDOR, NOME, ENDERECO, TELEFONE, CELULAR, EMAIL, CNPJ, NR_CONTRATO, DATA_INICIO_CONTRATO, DATA_FIM_CONTRATO, DATA_ENTRADA_SISTEMA, STATUS, DATA_INATIVACAO) values (5, 'Twiyo', '261 Vera Pass', '(42)24444-86557', '(68)45496-94174', 'bmews4@freewebs.com', '80.166.61/5282-16', '76.2151414.31', '2020-01-01', '2023-06-01', '2020-01-01', 'INATIVO', '2021-01-01');
insert into TB_VENDEDOR (ID_VENDEDOR, NOME, ENDERECO, TELEFONE, CELULAR, EMAIL, CNPJ, NR_CONTRATO, DATA_INICIO_CONTRATO, DATA_FIM_CONTRATO, DATA_ENTRADA_SISTEMA, STATUS, DATA_INATIVACAO) values (6, 'Photobug', '752 Moland Park', '(59)11331-72679', '(61)44802-25088', 'emacconachy5@salon.com', '77.898.06/3352-37', '71.1507358.43', '2020-01-01', '2023-06-01', '2020-01-01', 'ATIVO', null);
insert into TB_VENDEDOR (ID_VENDEDOR, NOME, ENDERECO, TELEFONE, CELULAR, EMAIL, CNPJ, NR_CONTRATO, DATA_INICIO_CONTRATO, DATA_FIM_CONTRATO, DATA_ENTRADA_SISTEMA, STATUS, DATA_INATIVACAO) values (7, 'Digitube', '43987 Pawling Crossing', '(17)89445-12640', '(42)79053-03333', 'aandino6@patch.com', '29.743.77/8239-90', '78.6911486.81', '2020-01-01', '2023-06-01', '2020-01-01', 'ATIVO', null);
insert into TB_VENDEDOR (ID_VENDEDOR, NOME, ENDERECO, TELEFONE, CELULAR, EMAIL, CNPJ, NR_CONTRATO, DATA_INICIO_CONTRATO, DATA_FIM_CONTRATO, DATA_ENTRADA_SISTEMA, STATUS, DATA_INATIVACAO) values (8, 'BlogXS', '62 Dawn Street', '(57)40743-83053', '(64)26364-05743', 'gcocklie7@soundcloud.com', '07.740.41/0097-07', '92.1622056.96', '2020-01-01', '2023-06-01', '2020-01-01', 'ATIVO', null);
insert into TB_VENDEDOR (ID_VENDEDOR, NOME, ENDERECO, TELEFONE, CELULAR, EMAIL, CNPJ, NR_CONTRATO, DATA_INICIO_CONTRATO, DATA_FIM_CONTRATO, DATA_ENTRADA_SISTEMA, STATUS, DATA_INATIVACAO) values (9, 'Aivee', '68366 Sauthoff Junction', '(13)61231-04496', '(92)46076-63107', 'bsharplin8@indiegogo.com', '91.823.83/8605-48', '11.9254762.47', '2020-01-01', '2023-06-01', '2020-01-01', 'INATIVO', '2021-01-01');
insert into TB_VENDEDOR (ID_VENDEDOR, NOME, ENDERECO, TELEFONE, CELULAR, EMAIL, CNPJ, NR_CONTRATO, DATA_INICIO_CONTRATO, DATA_FIM_CONTRATO, DATA_ENTRADA_SISTEMA, STATUS, DATA_INATIVACAO) values (10, 'Katz', '2 Meadow Ridge Crossing', '(37)49433-58171', '(51)24859-28594', 'scarslaw9@sogou.com', '38.715.07/6279-06', '54.2283748.74', '2020-01-01', '2023-06-01', '2020-01-01', 'ATIVO', null);

-- INSERÇÕES NA TABELA PLANO
insert into TB_PLANO (ID_PLANO, NOME_PLANO, DESCRICAO_PLANO, DATA_CRIACAO_PLANO, VALOR_PLANO) VALUES (1, 'Ruby plus dental', 'Plano avançado com cobertura ilimitada', '2020-03-01', 90);
insert into TB_PLANO (ID_PLANO, NOME_PLANO, DESCRICAO_PLANO, DATA_CRIACAO_PLANO, VALOR_PLANO) VALUES (2, 'Safira dental', 'Plano com cobertura limitada somenta à consultas e pequenos procedimentos', '2020-03-01', 50);
insert into TB_PLANO (ID_PLANO, NOME_PLANO, DESCRICAO_PLANO, DATA_CRIACAO_PLANO, VALOR_PLANO) VALUES (3, 'Basic dental', 'Plano básico com cobertura limitada somente à consultas', '2020-03-01', 25);

-- INSERÇÕES NA TABELA CATEGORIA
insert into TB_CATEGORIA (ID_CATEGORIA, NOME) VALUES (1, 'TITULAR');
insert into TB_CATEGORIA (ID_CATEGORIA, NOME) VALUES (2, 'DEPENDENTE');

-- INSERÇÕES NA TABELA ASSOCIADO
insert into TB_ASSOCIADO (ID_ASSOCIADO, COD_CARTEIRINHA, NOME_COMPLETO, RG, CPF, ENDERECO, DATA_ENTRADA_SISTEMA, STATUS, DATA_INATIVACAO, ID_PLANO_ATUAL, ID_CATEGORIA) values (1, '6916295598.84', 'Moritz Dossit', '40.907.840-27', '586.551.279-41', '10524 Cordelia Avenue', '2020-06-26', 'ATIVO', null, 1, 1);
insert into TB_ASSOCIADO (ID_ASSOCIADO, COD_CARTEIRINHA, NOME_COMPLETO, RG, CPF, ENDERECO, DATA_ENTRADA_SISTEMA, STATUS, DATA_INATIVACAO, ID_PLANO_ATUAL, ID_CATEGORIA) values (2, '4021212871.35', 'Geri Geikie', '37.699.883-59', '501.668.401-04', '116 Dixon Pass', '2020-06-10', 'ATIVO', null, 2, 1);
insert into TB_ASSOCIADO (ID_ASSOCIADO, COD_CARTEIRINHA, NOME_COMPLETO, RG, CPF, ENDERECO, DATA_ENTRADA_SISTEMA, STATUS, DATA_INATIVACAO, ID_PLANO_ATUAL, ID_CATEGORIA) values (3, '7173272123.05', 'Myrilla Everix', '38.076.848-57', '071.963.390-34', '15881 Doe Crossing Court', '2020-06-11', 'ATIVO', null, 1, 1);
insert into TB_ASSOCIADO (ID_ASSOCIADO, COD_CARTEIRINHA, NOME_COMPLETO, RG, CPF, ENDERECO, DATA_ENTRADA_SISTEMA, STATUS, DATA_INATIVACAO, ID_PLANO_ATUAL, ID_CATEGORIA) values (4, '3208035273.12', 'Ailsun McCart', '35.815.713-46', '246.558.141-37', '2 Glendale Way', '2020-06-28', 'ATIVO', null, 2, 1);
insert into TB_ASSOCIADO (ID_ASSOCIADO, COD_CARTEIRINHA, NOME_COMPLETO, RG, CPF, ENDERECO, DATA_ENTRADA_SISTEMA, STATUS, DATA_INATIVACAO, ID_PLANO_ATUAL, ID_CATEGORIA) values (5, '7045480757.05', 'Ransom Passingham', '87.661.329-90', '675.752.036-53', '9 Dottie Center', '2020-06-18', 'ATIVO', null, 3, 1);
insert into TB_ASSOCIADO (ID_ASSOCIADO, COD_CARTEIRINHA, NOME_COMPLETO, RG, CPF, ENDERECO, DATA_ENTRADA_SISTEMA, STATUS, DATA_INATIVACAO, ID_PLANO_ATUAL, ID_CATEGORIA) values (6, '0414978346.19', 'Marchelle Guiness', '84.262.198-33', '000.870.753-61', '88462 Charing Cross Trail', '2020-06-24', 'ATIVO', null, 1, 1);
insert into TB_ASSOCIADO (ID_ASSOCIADO, COD_CARTEIRINHA, NOME_COMPLETO, RG, CPF, ENDERECO, DATA_ENTRADA_SISTEMA, STATUS, DATA_INATIVACAO, ID_PLANO_ATUAL, ID_CATEGORIA) values (7, '1555146662.00', 'Lorette Windibank', '12.846.168-55', '384.854.269-10', '9 Crescent Oaks Junction', '2020-06-24', 'ATIVO', null, 2, 1);
insert into TB_ASSOCIADO (ID_ASSOCIADO, COD_CARTEIRINHA, NOME_COMPLETO, RG, CPF, ENDERECO, DATA_ENTRADA_SISTEMA, STATUS, DATA_INATIVACAO, ID_PLANO_ATUAL, ID_CATEGORIA) values (8, '9131526556.60', 'Murdoch Brundale', '00.228.987-09', '463.343.395-39', '74 Beilfuss Circle', '2020-06-26', 'ATIVO', null, 3, 1);
insert into TB_ASSOCIADO (ID_ASSOCIADO, COD_CARTEIRINHA, NOME_COMPLETO, RG, CPF, ENDERECO, DATA_ENTRADA_SISTEMA, STATUS, DATA_INATIVACAO, ID_PLANO_ATUAL, ID_CATEGORIA) values (9, '4904349474.82', 'Mort Balog', '95.924.847-22', '878.313.778-16', '60765 Parkside Point', '2020-06-08', 'ATIVO', null, 3, 1);
insert into TB_ASSOCIADO (ID_ASSOCIADO, COD_CARTEIRINHA, NOME_COMPLETO, RG, CPF, ENDERECO, DATA_ENTRADA_SISTEMA, STATUS, DATA_INATIVACAO, ID_PLANO_ATUAL, ID_CATEGORIA) values (10, '6464148099.83', 'Aubrey Simpkiss', '78.833.557-14', '728.568.572-12', '5 Vermont Circle', '2020-06-30', 'ATIVO', null, 1, 1);
insert into TB_ASSOCIADO (ID_ASSOCIADO, COD_CARTEIRINHA, NOME_COMPLETO, RG, CPF, ENDERECO, DATA_ENTRADA_SISTEMA, STATUS, DATA_INATIVACAO, ID_PLANO_ATUAL, ID_CATEGORIA) values (11, '7378907896.12', 'Grace Klimt', '64.961.108-77', '485.056.861-45', '926 Cody Terrace', '2020-06-23', 'ATIVO', null, 2, 1);
insert into TB_ASSOCIADO (ID_ASSOCIADO, COD_CARTEIRINHA, NOME_COMPLETO, RG, CPF, ENDERECO, DATA_ENTRADA_SISTEMA, STATUS, DATA_INATIVACAO, ID_PLANO_ATUAL, ID_CATEGORIA) values (12, '2209555854.24', 'Kimbra Laviss', '50.198.851-70', '252.883.515-55', '3 Fieldstone Lane', '2020-06-14', 'ATIVO', null, 3, 1);
insert into TB_ASSOCIADO (ID_ASSOCIADO, COD_CARTEIRINHA, NOME_COMPLETO, RG, CPF, ENDERECO, DATA_ENTRADA_SISTEMA, STATUS, DATA_INATIVACAO, ID_PLANO_ATUAL, ID_CATEGORIA) values (13, '4004100806.51', 'Judy Farnhill', '24.356.501-44', '484.940.569-89', '711 Kim Lane', '2020-06-15', 'ATIVO', null, 2, 1);
insert into TB_ASSOCIADO (ID_ASSOCIADO, COD_CARTEIRINHA, NOME_COMPLETO, RG, CPF, ENDERECO, DATA_ENTRADA_SISTEMA, STATUS, DATA_INATIVACAO, ID_PLANO_ATUAL, ID_CATEGORIA) values (14, '7056050134.60', 'Cherianne Hedworth', '67.384.649-50', '127.806.147-34', '308 American Pass', '2020-06-18', 'ATIVO', null, 3, 1);
insert into TB_ASSOCIADO (ID_ASSOCIADO, COD_CARTEIRINHA, NOME_COMPLETO, RG, CPF, ENDERECO, DATA_ENTRADA_SISTEMA, STATUS, DATA_INATIVACAO, ID_PLANO_ATUAL, ID_CATEGORIA) values (15, '9195010786.33', 'Marla Noirel', '64.878.499-27', '886.179.283-18', '70901 Talisman Parkway', '2020-06-12', 'ATIVO', null, 3, 1);
insert into TB_ASSOCIADO (ID_ASSOCIADO, COD_CARTEIRINHA, NOME_COMPLETO, RG, CPF, ENDERECO, DATA_ENTRADA_SISTEMA, STATUS, DATA_INATIVACAO, ID_PLANO_ATUAL, ID_CATEGORIA) values (16, '8735880694.35', 'Eli Rameaux', '85.437.362-94', '887.647.495-28', '4 Carpenter Avenue', '2020-06-11', 'ATIVO', null, 1, 1);
insert into TB_ASSOCIADO (ID_ASSOCIADO, COD_CARTEIRINHA, NOME_COMPLETO, RG, CPF, ENDERECO, DATA_ENTRADA_SISTEMA, STATUS, DATA_INATIVACAO, ID_PLANO_ATUAL, ID_CATEGORIA) values (17, '6710043164.42', 'Rosalie Cobleigh', '49.348.244-23', '241.084.504-11', '93813 Garrison Alley', '2020-06-09', 'ATIVO', null, 1, 1);
insert into TB_ASSOCIADO (ID_ASSOCIADO, COD_CARTEIRINHA, NOME_COMPLETO, RG, CPF, ENDERECO, DATA_ENTRADA_SISTEMA, STATUS, DATA_INATIVACAO, ID_PLANO_ATUAL, ID_CATEGORIA) values (18, '5492892170.29', 'Cassi Thwaite', '11.751.158-00', '906.596.010-21', '43 Doe Crossing Court', '2020-06-23', 'ATIVO', null, 3, 1);
insert into TB_ASSOCIADO (ID_ASSOCIADO, COD_CARTEIRINHA, NOME_COMPLETO, RG, CPF, ENDERECO, DATA_ENTRADA_SISTEMA, STATUS, DATA_INATIVACAO, ID_PLANO_ATUAL, ID_CATEGORIA) values (19, '9637579533.54', 'Shelley Enderby', '87.946.743-66', '163.908.518-69', '668 Anthes Road', '2020-06-24', 'ATIVO', null, 2, 1);
insert into TB_ASSOCIADO (ID_ASSOCIADO, COD_CARTEIRINHA, NOME_COMPLETO, RG, CPF, ENDERECO, DATA_ENTRADA_SISTEMA, STATUS, DATA_INATIVACAO, ID_PLANO_ATUAL, ID_CATEGORIA) values (20, '8705796668.14', 'Guthry Digweed', '36.673.241-55', '911.334.385-70', '967 Golden Leaf Street', '2020-06-03', 'ATIVO', null, 3, 1);
insert into TB_ASSOCIADO (ID_ASSOCIADO, COD_CARTEIRINHA, NOME_COMPLETO, RG, CPF, ENDERECO, DATA_ENTRADA_SISTEMA, STATUS, DATA_INATIVACAO, ID_PLANO_ATUAL, ID_CATEGORIA) values (21, '3954360708.44', 'Lillis Luton', '30.243.300-16', '790.594.064-01', '95 Vernon Street', '2020-06-13', 'ATIVO', null, 1, 1);
insert into TB_ASSOCIADO (ID_ASSOCIADO, COD_CARTEIRINHA, NOME_COMPLETO, RG, CPF, ENDERECO, DATA_ENTRADA_SISTEMA, STATUS, DATA_INATIVACAO, ID_PLANO_ATUAL, ID_CATEGORIA) values (22, '2307960165.21', 'Mort Garioch', '70.664.113-97', '742.548.111-07', '34 American Plaza', '2020-06-27', 'ATIVO', null, 1, 1);
insert into TB_ASSOCIADO (ID_ASSOCIADO, COD_CARTEIRINHA, NOME_COMPLETO, RG, CPF, ENDERECO, DATA_ENTRADA_SISTEMA, STATUS, DATA_INATIVACAO, ID_PLANO_ATUAL, ID_CATEGORIA) values (23, '3737306525.51', 'Benson Mosconi', '58.098.578-21', '665.640.715-17', '3 Dapin Hill', '2020-06-07', 'ATIVO', null, 1, 1);
insert into TB_ASSOCIADO (ID_ASSOCIADO, COD_CARTEIRINHA, NOME_COMPLETO, RG, CPF, ENDERECO, DATA_ENTRADA_SISTEMA, STATUS, DATA_INATIVACAO, ID_PLANO_ATUAL, ID_CATEGORIA) values (24, '7918385629.99', 'Farrah Oherlihy', '20.501.662-92', '558.414.134-68', '93045 Coleman Trail', '2020-06-29', 'ATIVO', null, 2, 1);
insert into TB_ASSOCIADO (ID_ASSOCIADO, COD_CARTEIRINHA, NOME_COMPLETO, RG, CPF, ENDERECO, DATA_ENTRADA_SISTEMA, STATUS, DATA_INATIVACAO, ID_PLANO_ATUAL, ID_CATEGORIA) values (25, '8136571353.86', 'Tonia Ebbings', '41.852.069-94', '796.148.919-88', '813 Prairie Rose Street', '2020-06-05', 'ATIVO', null, 3, 1);
insert into TB_ASSOCIADO (ID_ASSOCIADO, COD_CARTEIRINHA, NOME_COMPLETO, RG, CPF, ENDERECO, DATA_ENTRADA_SISTEMA, STATUS, DATA_INATIVACAO, ID_PLANO_ATUAL, ID_CATEGORIA) values (26, '0287024634.53', 'Tucky Breese', '49.012.445-29', '015.781.511-63', '649 Quincy Pass', '2020-06-04', 'ATIVO', null, 1, 1);
insert into TB_ASSOCIADO (ID_ASSOCIADO, COD_CARTEIRINHA, NOME_COMPLETO, RG, CPF, ENDERECO, DATA_ENTRADA_SISTEMA, STATUS, DATA_INATIVACAO, ID_PLANO_ATUAL, ID_CATEGORIA) values (27, '3980827682.95', 'Jedidiah Gearing', '18.703.274-58', '443.072.395-92', '6 Muir Place', '2020-06-24', 'ATIVO', null, 3, 1);
insert into TB_ASSOCIADO (ID_ASSOCIADO, COD_CARTEIRINHA, NOME_COMPLETO, RG, CPF, ENDERECO, DATA_ENTRADA_SISTEMA, STATUS, DATA_INATIVACAO, ID_PLANO_ATUAL, ID_CATEGORIA) values (28, '0079977148.96', 'Cherri Ashenhurst', '22.558.249-74', '038.728.358-23', '631 Vidon Center', '2020-06-18', 'ATIVO', null, 3, 1);
insert into TB_ASSOCIADO (ID_ASSOCIADO, COD_CARTEIRINHA, NOME_COMPLETO, RG, CPF, ENDERECO, DATA_ENTRADA_SISTEMA, STATUS, DATA_INATIVACAO, ID_PLANO_ATUAL, ID_CATEGORIA) values (29, '7833503264.68', 'Marguerite Dolley', '87.658.884-61', '437.178.579-89', '639 Golf Course Terrace', '2020-06-30', 'ATIVO', null, 2, 1);
insert into TB_ASSOCIADO (ID_ASSOCIADO, COD_CARTEIRINHA, NOME_COMPLETO, RG, CPF, ENDERECO, DATA_ENTRADA_SISTEMA, STATUS, DATA_INATIVACAO, ID_PLANO_ATUAL, ID_CATEGORIA) values (30, '1791007554.06', 'Curtice Mourgue', '52.494.138-44', '449.650.993-93', '9483 Lotheville Hill', '2020-06-12', 'ATIVO', null, 2, 1);
insert into TB_ASSOCIADO (ID_ASSOCIADO, COD_CARTEIRINHA, NOME_COMPLETO, RG, CPF, ENDERECO, DATA_ENTRADA_SISTEMA, STATUS, DATA_INATIVACAO, ID_PLANO_ATUAL, ID_CATEGORIA) values (31, '5483982790.36', 'Daren Iori', '07.786.132-94', '163.366.666-84', '9526 Fuller Pass', '2020-06-14', 'ATIVO', null, 3, 1);
insert into TB_ASSOCIADO (ID_ASSOCIADO, COD_CARTEIRINHA, NOME_COMPLETO, RG, CPF, ENDERECO, DATA_ENTRADA_SISTEMA, STATUS, DATA_INATIVACAO, ID_PLANO_ATUAL, ID_CATEGORIA) values (32, '2978674053.80', 'Carolee Burgisi', '28.149.537-64', '711.308.774-02', '7741 Florence Court', '2020-06-28', 'ATIVO', null, 2, 1);
insert into TB_ASSOCIADO (ID_ASSOCIADO, COD_CARTEIRINHA, NOME_COMPLETO, RG, CPF, ENDERECO, DATA_ENTRADA_SISTEMA, STATUS, DATA_INATIVACAO, ID_PLANO_ATUAL, ID_CATEGORIA) values (33, '4472670988.47', 'Nikolas Scrymgeour', '79.623.288-67', '912.265.103-10', '01 Division Terrace', '2020-06-10', 'ATIVO', null, 1, 1);
insert into TB_ASSOCIADO (ID_ASSOCIADO, COD_CARTEIRINHA, NOME_COMPLETO, RG, CPF, ENDERECO, DATA_ENTRADA_SISTEMA, STATUS, DATA_INATIVACAO, ID_PLANO_ATUAL, ID_CATEGORIA) values (34, '2446991744.26', 'Geralda Wissbey', '32.492.899-59', '901.890.974-43', '9 Pearson Crossing', '2020-06-20', 'ATIVO', null, 1, 1);
insert into TB_ASSOCIADO (ID_ASSOCIADO, COD_CARTEIRINHA, NOME_COMPLETO, RG, CPF, ENDERECO, DATA_ENTRADA_SISTEMA, STATUS, DATA_INATIVACAO, ID_PLANO_ATUAL, ID_CATEGORIA) values (35, '4304031864.38', 'Emily Sweeny', '25.988.629-83', '607.577.883-53', '43958 Service Center', '2020-06-13', 'ATIVO', null, 2, 1);
insert into TB_ASSOCIADO (ID_ASSOCIADO, COD_CARTEIRINHA, NOME_COMPLETO, RG, CPF, ENDERECO, DATA_ENTRADA_SISTEMA, STATUS, DATA_INATIVACAO, ID_PLANO_ATUAL, ID_CATEGORIA) values (36, '7623996527.29', 'Massimiliano Valenta', '28.981.235-71', '063.206.159-28', '779 Ridge Oak Center', '2020-06-17', 'ATIVO', null, 2, 1);
insert into TB_ASSOCIADO (ID_ASSOCIADO, COD_CARTEIRINHA, NOME_COMPLETO, RG, CPF, ENDERECO, DATA_ENTRADA_SISTEMA, STATUS, DATA_INATIVACAO, ID_PLANO_ATUAL, ID_CATEGORIA) values (37, '8578492837.49', 'Patrick MacDunleavy', '05.142.853-56', '878.158.597-12', '88 Merry Court', '2020-06-29', 'ATIVO', null, 3, 1);
insert into TB_ASSOCIADO (ID_ASSOCIADO, COD_CARTEIRINHA, NOME_COMPLETO, RG, CPF, ENDERECO, DATA_ENTRADA_SISTEMA, STATUS, DATA_INATIVACAO, ID_PLANO_ATUAL, ID_CATEGORIA) values (38, '0177522572.79', 'Adam Rossi', '28.177.815-88', '290.057.966-75', '27329 Ramsey Pass', '2020-06-08', 'ATIVO', null, 3, 1);
insert into TB_ASSOCIADO (ID_ASSOCIADO, COD_CARTEIRINHA, NOME_COMPLETO, RG, CPF, ENDERECO, DATA_ENTRADA_SISTEMA, STATUS, DATA_INATIVACAO, ID_PLANO_ATUAL, ID_CATEGORIA) values (39, '9875762122.45', 'Jemmie Greg', '54.789.143-48', '150.446.422-38', '54229 Ruskin Pass', '2020-06-23', 'ATIVO', null, 3, 1);
insert into TB_ASSOCIADO (ID_ASSOCIADO, COD_CARTEIRINHA, NOME_COMPLETO, RG, CPF, ENDERECO, DATA_ENTRADA_SISTEMA, STATUS, DATA_INATIVACAO, ID_PLANO_ATUAL, ID_CATEGORIA) values (40, '6280026617.71', 'Arlen Benner', '73.544.330-70', '508.229.002-55', '01 Roth Terrace', '2020-06-08', 'ATIVO', null, 2, 1);
insert into TB_ASSOCIADO (ID_ASSOCIADO, COD_CARTEIRINHA, NOME_COMPLETO, RG, CPF, ENDERECO, DATA_ENTRADA_SISTEMA, STATUS, DATA_INATIVACAO, ID_PLANO_ATUAL, ID_CATEGORIA) values (41, '6329411593.78', 'Jocko Blannin', '30.417.755-05', '521.822.565-97', '574 Green Hill', '2020-06-27', 'ATIVO', null, 1, 1);
insert into TB_ASSOCIADO (ID_ASSOCIADO, COD_CARTEIRINHA, NOME_COMPLETO, RG, CPF, ENDERECO, DATA_ENTRADA_SISTEMA, STATUS, DATA_INATIVACAO, ID_PLANO_ATUAL, ID_CATEGORIA) values (42, '2624479074.59', 'Edeline Gutridge', '70.272.135-08', '384.220.253-88', '99895 Talmadge Pass', '2020-06-15', 'ATIVO', null, 2, 1);
insert into TB_ASSOCIADO (ID_ASSOCIADO, COD_CARTEIRINHA, NOME_COMPLETO, RG, CPF, ENDERECO, DATA_ENTRADA_SISTEMA, STATUS, DATA_INATIVACAO, ID_PLANO_ATUAL, ID_CATEGORIA) values (43, '8805609664.22', 'Obadias Lessmare', '98.713.859-60', '798.306.413-72', '8181 Oneill Court', '2020-06-02', 'ATIVO', null, 2, 1);
insert into TB_ASSOCIADO (ID_ASSOCIADO, COD_CARTEIRINHA, NOME_COMPLETO, RG, CPF, ENDERECO, DATA_ENTRADA_SISTEMA, STATUS, DATA_INATIVACAO, ID_PLANO_ATUAL, ID_CATEGORIA) values (44, '7289564497.09', 'Anallese Maber', '11.077.256-98', '517.786.505-63', '6823 Northland Parkway', '2020-06-23', 'ATIVO', null, 2, 1);
insert into TB_ASSOCIADO (ID_ASSOCIADO, COD_CARTEIRINHA, NOME_COMPLETO, RG, CPF, ENDERECO, DATA_ENTRADA_SISTEMA, STATUS, DATA_INATIVACAO, ID_PLANO_ATUAL, ID_CATEGORIA) values (45, '0908683242.48', 'Petunia Jacklin', '57.555.642-43', '989.933.742-87', '96479 Stoughton Way', '2020-06-06', 'ATIVO', null, 1, 1);
insert into TB_ASSOCIADO (ID_ASSOCIADO, COD_CARTEIRINHA, NOME_COMPLETO, RG, CPF, ENDERECO, DATA_ENTRADA_SISTEMA, STATUS, DATA_INATIVACAO, ID_PLANO_ATUAL, ID_CATEGORIA) values (46, '9508022062.34', 'Edan Ternent', '69.080.615-93', '581.257.071-88', '504 Dexter Drive', '2020-06-09', 'ATIVO', null, 1, 1);
insert into TB_ASSOCIADO (ID_ASSOCIADO, COD_CARTEIRINHA, NOME_COMPLETO, RG, CPF, ENDERECO, DATA_ENTRADA_SISTEMA, STATUS, DATA_INATIVACAO, ID_PLANO_ATUAL, ID_CATEGORIA) values (47, '8517762272.27', 'Melitta Ketcher', '41.929.254-45', '097.251.946-71', '33519 Ilene Parkway', '2020-06-27', 'ATIVO', null, 1, 1);
insert into TB_ASSOCIADO (ID_ASSOCIADO, COD_CARTEIRINHA, NOME_COMPLETO, RG, CPF, ENDERECO, DATA_ENTRADA_SISTEMA, STATUS, DATA_INATIVACAO, ID_PLANO_ATUAL, ID_CATEGORIA) values (48, '0958196107.81', 'Sloane Matyushkin', '12.852.325-09', '852.012.178-01', '73 Waubesa Center', '2020-06-21', 'ATIVO', null, 2, 1);
insert into TB_ASSOCIADO (ID_ASSOCIADO, COD_CARTEIRINHA, NOME_COMPLETO, RG, CPF, ENDERECO, DATA_ENTRADA_SISTEMA, STATUS, DATA_INATIVACAO, ID_PLANO_ATUAL, ID_CATEGORIA) values (49, '7898574609.87', 'Stacie Tidcomb', '77.029.349-24', '958.276.543-61', '75865 Hanover Crossing', '2020-06-29', 'ATIVO', null, 2, 1);
insert into TB_ASSOCIADO (ID_ASSOCIADO, COD_CARTEIRINHA, NOME_COMPLETO, RG, CPF, ENDERECO, DATA_ENTRADA_SISTEMA, STATUS, DATA_INATIVACAO, ID_PLANO_ATUAL, ID_CATEGORIA) values (50, '7804824823.10', 'Lorie Sweating', '90.362.195-77', '016.988.635-95', '3105 Aberg Avenue', '2020-06-11', 'ATIVO', null, 1, 1);
insert into TB_ASSOCIADO (ID_ASSOCIADO, COD_CARTEIRINHA, NOME_COMPLETO, RG, CPF, ENDERECO, DATA_ENTRADA_SISTEMA, STATUS, DATA_INATIVACAO, ID_PLANO_ATUAL, ID_CATEGORIA) values (51, '7804824823.10', 'Saxe Gouldthorpe', '13.321.380-02', '023.891.905-41', '04 Maryland Road', '2020-06-14', 'ATIVO', null, 2, 2);
insert into TB_ASSOCIADO (ID_ASSOCIADO, COD_CARTEIRINHA, NOME_COMPLETO, RG, CPF, ENDERECO, DATA_ENTRADA_SISTEMA, STATUS, DATA_INATIVACAO, ID_PLANO_ATUAL, ID_CATEGORIA) values (52, '7804824823.10', 'Evey Danforth', '25.731.311-96', '048.762.662-77', '96197 Chinook Avenue', '2020-06-06', 'ATIVO', null, 3, 2);
insert into TB_ASSOCIADO (ID_ASSOCIADO, COD_CARTEIRINHA, NOME_COMPLETO, RG, CPF, ENDERECO, DATA_ENTRADA_SISTEMA, STATUS, DATA_INATIVACAO, ID_PLANO_ATUAL, ID_CATEGORIA) values (53, '7804824823.10', 'Evin Borthwick', '60.211.744-42', '150.332.152-53', '10 Tennyson Place', '2020-06-19', 'ATIVO', null, 3, 2);
insert into TB_ASSOCIADO (ID_ASSOCIADO, COD_CARTEIRINHA, NOME_COMPLETO, RG, CPF, ENDERECO, DATA_ENTRADA_SISTEMA, STATUS, DATA_INATIVACAO, ID_PLANO_ATUAL, ID_CATEGORIA) values (54, '7804824823.10', 'Dallon Melin', '70.404.939-06', '845.050.024-31', '5498 Heffernan Lane', '2020-06-01', 'ATIVO', null, 1, 2);
insert into TB_ASSOCIADO (ID_ASSOCIADO, COD_CARTEIRINHA, NOME_COMPLETO, RG, CPF, ENDERECO, DATA_ENTRADA_SISTEMA, STATUS, DATA_INATIVACAO, ID_PLANO_ATUAL, ID_CATEGORIA) values (55, '7804824823.10', 'Michel Kneel', '15.056.623-07', '292.360.090-73', '53 Reinke Road', '2020-06-18', 'ATIVO', null, 3, 2);
insert into TB_ASSOCIADO (ID_ASSOCIADO, COD_CARTEIRINHA, NOME_COMPLETO, RG, CPF, ENDERECO, DATA_ENTRADA_SISTEMA, STATUS, DATA_INATIVACAO, ID_PLANO_ATUAL, ID_CATEGORIA) values (56, '9209331958.92', 'Siobhan Zavattieri', '05.729.387-39', '942.438.661-35', '4 Melrose Circle', '2020-06-18', 'ATIVO', null, 3, 1);
insert into TB_ASSOCIADO (ID_ASSOCIADO, COD_CARTEIRINHA, NOME_COMPLETO, RG, CPF, ENDERECO, DATA_ENTRADA_SISTEMA, STATUS, DATA_INATIVACAO, ID_PLANO_ATUAL, ID_CATEGORIA) values (57, '6488839194.03', 'Ignatius Gummer', '78.302.251-01', '419.053.428-95', '69502 Harper Street', '2020-06-06', 'ATIVO', null, 3, 1);
insert into TB_ASSOCIADO (ID_ASSOCIADO, COD_CARTEIRINHA, NOME_COMPLETO, RG, CPF, ENDERECO, DATA_ENTRADA_SISTEMA, STATUS, DATA_INATIVACAO, ID_PLANO_ATUAL, ID_CATEGORIA) values (58, '8353426152.84', 'Christy Van den Hof', '87.681.099-91', '570.232.805-43', '26672 Donald Street', '2020-06-08', 'ATIVO', null, 1, 1);
insert into TB_ASSOCIADO (ID_ASSOCIADO, COD_CARTEIRINHA, NOME_COMPLETO, RG, CPF, ENDERECO, DATA_ENTRADA_SISTEMA, STATUS, DATA_INATIVACAO, ID_PLANO_ATUAL, ID_CATEGORIA) values (59, '8233621483.34', 'Merilee Slisby', '18.686.384-18', '372.430.992-69', '71 Carberry Street', '2020-06-13', 'ATIVO', null, 1, 1);
insert into TB_ASSOCIADO (ID_ASSOCIADO, COD_CARTEIRINHA, NOME_COMPLETO, RG, CPF, ENDERECO, DATA_ENTRADA_SISTEMA, STATUS, DATA_INATIVACAO, ID_PLANO_ATUAL, ID_CATEGORIA) values (60, '0617714879.20', 'Carolin Morsley', '40.423.024-22', '671.259.849-10', '42228 Lillian Pass', '2020-06-12', 'ATIVO', null, 3, 1);
insert into TB_ASSOCIADO (ID_ASSOCIADO, COD_CARTEIRINHA, NOME_COMPLETO, RG, CPF, ENDERECO, DATA_ENTRADA_SISTEMA, STATUS, DATA_INATIVACAO, ID_PLANO_ATUAL, ID_CATEGORIA) values (61, '6219307017.34', 'Liz Fairey', '96.085.262-01', '186.549.876-25', '10 New Castle Plaza', '2020-06-05', 'ATIVO', null, 2, 1);
insert into TB_ASSOCIADO (ID_ASSOCIADO, COD_CARTEIRINHA, NOME_COMPLETO, RG, CPF, ENDERECO, DATA_ENTRADA_SISTEMA, STATUS, DATA_INATIVACAO, ID_PLANO_ATUAL, ID_CATEGORIA) values (62, '7737696255.26', 'Florrie Perri', '48.661.518-71', '091.196.477-37', '38 Maple Circle', '2020-06-18', 'ATIVO', null, 2, 1);
insert into TB_ASSOCIADO (ID_ASSOCIADO, COD_CARTEIRINHA, NOME_COMPLETO, RG, CPF, ENDERECO, DATA_ENTRADA_SISTEMA, STATUS, DATA_INATIVACAO, ID_PLANO_ATUAL, ID_CATEGORIA) values (63, '1645221846.69', 'Fidelia O''Neill', '96.255.254-30', '440.066.304-53', '569 Morning Alley', '2020-06-08', 'ATIVO', null, 3, 1);
insert into TB_ASSOCIADO (ID_ASSOCIADO, COD_CARTEIRINHA, NOME_COMPLETO, RG, CPF, ENDERECO, DATA_ENTRADA_SISTEMA, STATUS, DATA_INATIVACAO, ID_PLANO_ATUAL, ID_CATEGORIA) values (64, '7521805060.02', 'Sherrie Merigot', '38.626.119-78', '286.877.575-06', '8 Norway Maple Way', '2020-06-02', 'ATIVO', null, 2, 1);
insert into TB_ASSOCIADO (ID_ASSOCIADO, COD_CARTEIRINHA, NOME_COMPLETO, RG, CPF, ENDERECO, DATA_ENTRADA_SISTEMA, STATUS, DATA_INATIVACAO, ID_PLANO_ATUAL, ID_CATEGORIA) values (65, '6293802033.55', 'Halie Sear', '90.428.556-85', '085.395.103-41', '94316 Westerfield Alley', '2020-06-29', 'ATIVO', null, 1, 1);
insert into TB_ASSOCIADO (ID_ASSOCIADO, COD_CARTEIRINHA, NOME_COMPLETO, RG, CPF, ENDERECO, DATA_ENTRADA_SISTEMA, STATUS, DATA_INATIVACAO, ID_PLANO_ATUAL, ID_CATEGORIA) values (66, '8615492653.38', 'Ulysses Stallion', '11.662.119-80', '776.899.924-48', '5644 Atwood Parkway', '2020-06-03', 'ATIVO', null, 3, 1);
insert into TB_ASSOCIADO (ID_ASSOCIADO, COD_CARTEIRINHA, NOME_COMPLETO, RG, CPF, ENDERECO, DATA_ENTRADA_SISTEMA, STATUS, DATA_INATIVACAO, ID_PLANO_ATUAL, ID_CATEGORIA) values (67, '2186751975.89', 'Cari Ventum', '21.652.700-68', '089.010.240-79', '6 Clarendon Junction', '2020-06-28', 'ATIVO', null, 3, 1);
insert into TB_ASSOCIADO (ID_ASSOCIADO, COD_CARTEIRINHA, NOME_COMPLETO, RG, CPF, ENDERECO, DATA_ENTRADA_SISTEMA, STATUS, DATA_INATIVACAO, ID_PLANO_ATUAL, ID_CATEGORIA) values (68, '7536759161.69', 'Felic Bruckshaw', '60.261.419-37', '778.167.260-93', '2736 Bay Parkway', '2020-06-10', 'ATIVO', null, 3, 1);
insert into TB_ASSOCIADO (ID_ASSOCIADO, COD_CARTEIRINHA, NOME_COMPLETO, RG, CPF, ENDERECO, DATA_ENTRADA_SISTEMA, STATUS, DATA_INATIVACAO, ID_PLANO_ATUAL, ID_CATEGORIA) values (69, '0898081152.53', 'Horten Prinnett', '71.203.164-63', '793.150.971-63', '35 Dovetail Circle', '2020-06-29', 'ATIVO', null, 1, 1);
insert into TB_ASSOCIADO (ID_ASSOCIADO, COD_CARTEIRINHA, NOME_COMPLETO, RG, CPF, ENDERECO, DATA_ENTRADA_SISTEMA, STATUS, DATA_INATIVACAO, ID_PLANO_ATUAL, ID_CATEGORIA) values (70, '3718098290.37', 'Artie Mowne', '79.877.042-15', '270.000.798-47', '38132 Upham Street', '2020-06-15', 'ATIVO', null, 2, 1);
insert into TB_ASSOCIADO (ID_ASSOCIADO, COD_CARTEIRINHA, NOME_COMPLETO, RG, CPF, ENDERECO, DATA_ENTRADA_SISTEMA, STATUS, DATA_INATIVACAO, ID_PLANO_ATUAL, ID_CATEGORIA) values (71, '4030930459.89', 'Aloysius Mallows', '33.015.724-72', '369.887.636-58', '1 Mayer Court', '2020-06-08', 'ATIVO', null, 3, 1);
insert into TB_ASSOCIADO (ID_ASSOCIADO, COD_CARTEIRINHA, NOME_COMPLETO, RG, CPF, ENDERECO, DATA_ENTRADA_SISTEMA, STATUS, DATA_INATIVACAO, ID_PLANO_ATUAL, ID_CATEGORIA) values (72, '5289137088.26', 'Cori Kidstone', '08.427.549-66', '194.503.840-98', '98 Sherman Point', '2020-06-20', 'ATIVO', null, 3, 1);
insert into TB_ASSOCIADO (ID_ASSOCIADO, COD_CARTEIRINHA, NOME_COMPLETO, RG, CPF, ENDERECO, DATA_ENTRADA_SISTEMA, STATUS, DATA_INATIVACAO, ID_PLANO_ATUAL, ID_CATEGORIA) values (73, '6647085069.77', 'Chadwick McSpirron', '61.080.166-96', '513.769.716-90', '2 Spohn Pass', '2020-06-06', 'ATIVO', null, 2, 1);
insert into TB_ASSOCIADO (ID_ASSOCIADO, COD_CARTEIRINHA, NOME_COMPLETO, RG, CPF, ENDERECO, DATA_ENTRADA_SISTEMA, STATUS, DATA_INATIVACAO, ID_PLANO_ATUAL, ID_CATEGORIA) values (74, '7336778731.39', 'Farrel Waite', '27.667.340-31', '553.740.021-64', '5 Eastwood Alley', '2020-06-16', 'ATIVO', null, 2, 1);
insert into TB_ASSOCIADO (ID_ASSOCIADO, COD_CARTEIRINHA, NOME_COMPLETO, RG, CPF, ENDERECO, DATA_ENTRADA_SISTEMA, STATUS, DATA_INATIVACAO, ID_PLANO_ATUAL, ID_CATEGORIA) values (75, '2437948987.63', 'Julienne Hadland', '82.406.760-43', '059.662.144-96', '35 Rockefeller Pass', '2020-06-02', 'ATIVO', null, 3, 1);
insert into TB_ASSOCIADO (ID_ASSOCIADO, COD_CARTEIRINHA, NOME_COMPLETO, RG, CPF, ENDERECO, DATA_ENTRADA_SISTEMA, STATUS, DATA_INATIVACAO, ID_PLANO_ATUAL, ID_CATEGORIA) values (76, '2322080675.55', 'Carole Bayfield', '62.996.956-14', '181.486.148-00', '3 Southridge Way', '2020-06-28', 'ATIVO', null, 3, 1);
insert into TB_ASSOCIADO (ID_ASSOCIADO, COD_CARTEIRINHA, NOME_COMPLETO, RG, CPF, ENDERECO, DATA_ENTRADA_SISTEMA, STATUS, DATA_INATIVACAO, ID_PLANO_ATUAL, ID_CATEGORIA) values (77, '6059476383.46', 'Bryant Stolberg', '82.615.532-67', '629.288.853-29', '14 Troy Plaza', '2020-06-15', 'ATIVO', null, 2, 1);
insert into TB_ASSOCIADO (ID_ASSOCIADO, COD_CARTEIRINHA, NOME_COMPLETO, RG, CPF, ENDERECO, DATA_ENTRADA_SISTEMA, STATUS, DATA_INATIVACAO, ID_PLANO_ATUAL, ID_CATEGORIA) values (78, '1206970697.29', 'Kelly Quarton', '15.153.189-12', '561.678.574-49', '9604 Carey Junction', '2020-06-07', 'ATIVO', null, 1, 1);
insert into TB_ASSOCIADO (ID_ASSOCIADO, COD_CARTEIRINHA, NOME_COMPLETO, RG, CPF, ENDERECO, DATA_ENTRADA_SISTEMA, STATUS, DATA_INATIVACAO, ID_PLANO_ATUAL, ID_CATEGORIA) values (79, '8180932501.07', 'Kendra Upton', '95.200.934-79', '792.499.216-38', '9 Jana Drive', '2020-06-14', 'ATIVO', null, 2, 1);
insert into TB_ASSOCIADO (ID_ASSOCIADO, COD_CARTEIRINHA, NOME_COMPLETO, RG, CPF, ENDERECO, DATA_ENTRADA_SISTEMA, STATUS, DATA_INATIVACAO, ID_PLANO_ATUAL, ID_CATEGORIA) values (80, '8523232765.00', 'Emera Galiford', '85.797.970-65', '602.601.683-35', '0 Artisan Drive', '2020-06-27', 'ATIVO', null, 1, 1);
insert into TB_ASSOCIADO (ID_ASSOCIADO, COD_CARTEIRINHA, NOME_COMPLETO, RG, CPF, ENDERECO, DATA_ENTRADA_SISTEMA, STATUS, DATA_INATIVACAO, ID_PLANO_ATUAL, ID_CATEGORIA) values (81, '1089832760.37', 'Pennie Jedrasik', '02.027.278-69', '577.498.145-66', '9041 Sommers Parkway', '2020-06-26', 'ATIVO', null, 3, 1);
insert into TB_ASSOCIADO (ID_ASSOCIADO, COD_CARTEIRINHA, NOME_COMPLETO, RG, CPF, ENDERECO, DATA_ENTRADA_SISTEMA, STATUS, DATA_INATIVACAO, ID_PLANO_ATUAL, ID_CATEGORIA) values (82, '2510784758.25', 'Issi Shoard', '92.409.572-71', '609.460.507-61', '425 Dottie Circle', '2020-06-01', 'ATIVO', null, 2, 1);
insert into TB_ASSOCIADO (ID_ASSOCIADO, COD_CARTEIRINHA, NOME_COMPLETO, RG, CPF, ENDERECO, DATA_ENTRADA_SISTEMA, STATUS, DATA_INATIVACAO, ID_PLANO_ATUAL, ID_CATEGORIA) values (83, '4281728695.43', 'Doralin Eborn', '04.592.387-51', '486.625.423-63', '8 Village Green Drive', '2020-06-15', 'ATIVO', null, 3, 1);
insert into TB_ASSOCIADO (ID_ASSOCIADO, COD_CARTEIRINHA, NOME_COMPLETO, RG, CPF, ENDERECO, DATA_ENTRADA_SISTEMA, STATUS, DATA_INATIVACAO, ID_PLANO_ATUAL, ID_CATEGORIA) values (84, '1385962464.51', 'Agatha Nutter', '16.784.095-36', '785.962.394-59', '69 Arkansas Park', '2020-06-11', 'ATIVO', null, 1, 1);
insert into TB_ASSOCIADO (ID_ASSOCIADO, COD_CARTEIRINHA, NOME_COMPLETO, RG, CPF, ENDERECO, DATA_ENTRADA_SISTEMA, STATUS, DATA_INATIVACAO, ID_PLANO_ATUAL, ID_CATEGORIA) values (85, '0056178856.24', 'Davin Bruton', '91.065.534-10', '362.833.772-19', '61275 Farmco Park', '2020-06-08', 'ATIVO', null, 2, 1);
insert into TB_ASSOCIADO (ID_ASSOCIADO, COD_CARTEIRINHA, NOME_COMPLETO, RG, CPF, ENDERECO, DATA_ENTRADA_SISTEMA, STATUS, DATA_INATIVACAO, ID_PLANO_ATUAL, ID_CATEGORIA) values (86, '3246923936.67', 'Carlin Chauvey', '78.751.420-23', '831.437.290-83', '335 Dexter Avenue', '2020-06-18', 'ATIVO', null, 2, 1);
insert into TB_ASSOCIADO (ID_ASSOCIADO, COD_CARTEIRINHA, NOME_COMPLETO, RG, CPF, ENDERECO, DATA_ENTRADA_SISTEMA, STATUS, DATA_INATIVACAO, ID_PLANO_ATUAL, ID_CATEGORIA) values (87, '7800665466.02', 'Fabe Shearme', '02.960.068-99', '991.054.238-73', '212 Messerschmidt Street', '2020-06-24', 'ATIVO', null, 1, 1);
insert into TB_ASSOCIADO (ID_ASSOCIADO, COD_CARTEIRINHA, NOME_COMPLETO, RG, CPF, ENDERECO, DATA_ENTRADA_SISTEMA, STATUS, DATA_INATIVACAO, ID_PLANO_ATUAL, ID_CATEGORIA) values (88, '4026475198.07', 'Willard Dullard', '19.007.512-97', '050.471.703-21', '71 Lake View Hill', '2020-06-01', 'ATIVO', null, 1, 1);
insert into TB_ASSOCIADO (ID_ASSOCIADO, COD_CARTEIRINHA, NOME_COMPLETO, RG, CPF, ENDERECO, DATA_ENTRADA_SISTEMA, STATUS, DATA_INATIVACAO, ID_PLANO_ATUAL, ID_CATEGORIA) values (89, '2083874475.39', 'Romain Polini', '57.048.925-77', '414.901.906-00', '6 Granby Road', '2020-06-22', 'ATIVO', null, 2, 1);
insert into TB_ASSOCIADO (ID_ASSOCIADO, COD_CARTEIRINHA, NOME_COMPLETO, RG, CPF, ENDERECO, DATA_ENTRADA_SISTEMA, STATUS, DATA_INATIVACAO, ID_PLANO_ATUAL, ID_CATEGORIA) values (90, '4670685138.16', 'Jenn Boldock', '46.871.963-98', '905.995.099-47', '447 Morrow Parkway', '2020-06-26', 'ATIVO', null, 1, 1);
insert into TB_ASSOCIADO (ID_ASSOCIADO, COD_CARTEIRINHA, NOME_COMPLETO, RG, CPF, ENDERECO, DATA_ENTRADA_SISTEMA, STATUS, DATA_INATIVACAO, ID_PLANO_ATUAL, ID_CATEGORIA) values (91, '7523154426.28', 'Ulysses Dakers', '43.768.802-97', '523.665.680-14', '7 Rieder Pass', '2020-06-18', 'ATIVO', null, 1, 1);
insert into TB_ASSOCIADO (ID_ASSOCIADO, COD_CARTEIRINHA, NOME_COMPLETO, RG, CPF, ENDERECO, DATA_ENTRADA_SISTEMA, STATUS, DATA_INATIVACAO, ID_PLANO_ATUAL, ID_CATEGORIA) values (92, '5616037679.29', 'Teodoro Pordall', '18.255.692-14', '984.407.354-37', '360 4th Hill', '2020-06-20', 'ATIVO', null, 1, 1);
insert into TB_ASSOCIADO (ID_ASSOCIADO, COD_CARTEIRINHA, NOME_COMPLETO, RG, CPF, ENDERECO, DATA_ENTRADA_SISTEMA, STATUS, DATA_INATIVACAO, ID_PLANO_ATUAL, ID_CATEGORIA) values (93, '5549143755.24', 'Jaclyn Sommerville', '64.794.590-45', '713.483.739-02', '8444 Becker Lane', '2020-06-19', 'ATIVO', null, 3, 1);
insert into TB_ASSOCIADO (ID_ASSOCIADO, COD_CARTEIRINHA, NOME_COMPLETO, RG, CPF, ENDERECO, DATA_ENTRADA_SISTEMA, STATUS, DATA_INATIVACAO, ID_PLANO_ATUAL, ID_CATEGORIA) values (94, '0427945029.73', 'Nickolas Shephard', '96.631.508-94', '488.561.035-18', '8275 Barby Lane', '2020-06-18', 'ATIVO', null, 3, 1);
insert into TB_ASSOCIADO (ID_ASSOCIADO, COD_CARTEIRINHA, NOME_COMPLETO, RG, CPF, ENDERECO, DATA_ENTRADA_SISTEMA, STATUS, DATA_INATIVACAO, ID_PLANO_ATUAL, ID_CATEGORIA) values (95, '1569448583.39', 'Gerard Brumble', '96.297.589-56', '012.523.999-18', '54 Oriole Circle', '2020-06-05', 'ATIVO', null, 3, 1);
insert into TB_ASSOCIADO (ID_ASSOCIADO, COD_CARTEIRINHA, NOME_COMPLETO, RG, CPF, ENDERECO, DATA_ENTRADA_SISTEMA, STATUS, DATA_INATIVACAO, ID_PLANO_ATUAL, ID_CATEGORIA) values (96, '1792793741.91', 'Austin Balsillie', '91.634.584-03', '482.018.978-93', '55955 Gateway Center', '2020-06-25', 'ATIVO', null, 1, 1);
insert into TB_ASSOCIADO (ID_ASSOCIADO, COD_CARTEIRINHA, NOME_COMPLETO, RG, CPF, ENDERECO, DATA_ENTRADA_SISTEMA, STATUS, DATA_INATIVACAO, ID_PLANO_ATUAL, ID_CATEGORIA) values (97, '8987436156.38', 'Wyndham Beedell', '31.352.736-16', '836.421.452-42', '4 Paget Plaza', '2020-06-01', 'ATIVO', null, 2, 1);
insert into TB_ASSOCIADO (ID_ASSOCIADO, COD_CARTEIRINHA, NOME_COMPLETO, RG, CPF, ENDERECO, DATA_ENTRADA_SISTEMA, STATUS, DATA_INATIVACAO, ID_PLANO_ATUAL, ID_CATEGORIA) values (98, '6376577534.07', 'Elladine Rowan', '18.971.504-28', '602.043.468-46', '291 4th Lane', '2020-06-24', 'ATIVO', null, 3, 1);
insert into TB_ASSOCIADO (ID_ASSOCIADO, COD_CARTEIRINHA, NOME_COMPLETO, RG, CPF, ENDERECO, DATA_ENTRADA_SISTEMA, STATUS, DATA_INATIVACAO, ID_PLANO_ATUAL, ID_CATEGORIA) values (99, '4136339265.33', 'Dinny Paterson', '22.400.136-38', '833.913.499-36', '13584 Lawn Court', '2020-06-18', 'ATIVO', null, 1, 1);
insert into TB_ASSOCIADO (ID_ASSOCIADO, COD_CARTEIRINHA, NOME_COMPLETO, RG, CPF, ENDERECO, DATA_ENTRADA_SISTEMA, STATUS, DATA_INATIVACAO, ID_PLANO_ATUAL, ID_CATEGORIA) values (100, '6852013806.60', 'Alford Ors', '09.092.562-13', '278.569.626-79', '0017 Merry Circle', '2020-06-19', 'ATIVO', null, 2, 1);
insert into TB_ASSOCIADO (ID_ASSOCIADO, COD_CARTEIRINHA, NOME_COMPLETO, RG, CPF, ENDERECO, DATA_ENTRADA_SISTEMA, STATUS, DATA_INATIVACAO, ID_PLANO_ATUAL, ID_CATEGORIA) values (101, '1812997885.97', 'Aurelie Greedyer', '15.585.364-57', '700.046.541-26', '9459 Fallview Road', '2020-06-04', 'ATIVO', null, 2, 1);
insert into TB_ASSOCIADO (ID_ASSOCIADO, COD_CARTEIRINHA, NOME_COMPLETO, RG, CPF, ENDERECO, DATA_ENTRADA_SISTEMA, STATUS, DATA_INATIVACAO, ID_PLANO_ATUAL, ID_CATEGORIA) values (102, '4954089716.39', 'Dallis Gypps', '78.691.008-87', '679.955.111-22', '9639 Crescent Oaks Avenue', '2020-06-30', 'ATIVO', null, 3, 1);
insert into TB_ASSOCIADO (ID_ASSOCIADO, COD_CARTEIRINHA, NOME_COMPLETO, RG, CPF, ENDERECO, DATA_ENTRADA_SISTEMA, STATUS, DATA_INATIVACAO, ID_PLANO_ATUAL, ID_CATEGORIA) values (103, '4145758010.78', 'Caz Domney', '50.545.533-38', '070.412.273-84', '968 Northport Hill', '2020-06-05', 'ATIVO', null, 3, 1);
insert into TB_ASSOCIADO (ID_ASSOCIADO, COD_CARTEIRINHA, NOME_COMPLETO, RG, CPF, ENDERECO, DATA_ENTRADA_SISTEMA, STATUS, DATA_INATIVACAO, ID_PLANO_ATUAL, ID_CATEGORIA) values (104, '9974552621.44', 'Aeriell Welman', '96.790.467-63', '695.861.716-05', '771 Iowa Crossing', '2020-06-08', 'ATIVO', null, 2, 1);
insert into TB_ASSOCIADO (ID_ASSOCIADO, COD_CARTEIRINHA, NOME_COMPLETO, RG, CPF, ENDERECO, DATA_ENTRADA_SISTEMA, STATUS, DATA_INATIVACAO, ID_PLANO_ATUAL, ID_CATEGORIA) values (105, '7350166366.42', 'Harbert Braffington', '16.720.320-24', '379.204.200-47', '3367 Northport Point', '2020-06-23', 'ATIVO', null, 3, 1);
insert into TB_ASSOCIADO (ID_ASSOCIADO, COD_CARTEIRINHA, NOME_COMPLETO, RG, CPF, ENDERECO, DATA_ENTRADA_SISTEMA, STATUS, DATA_INATIVACAO, ID_PLANO_ATUAL, ID_CATEGORIA) values (106, '2157376786.38', 'Antonina Sherwen', '23.603.904-59', '851.398.716-43', '98186 Vidon Point', '2020-06-19', 'ATIVO', null, 3, 1);
insert into TB_ASSOCIADO (ID_ASSOCIADO, COD_CARTEIRINHA, NOME_COMPLETO, RG, CPF, ENDERECO, DATA_ENTRADA_SISTEMA, STATUS, DATA_INATIVACAO, ID_PLANO_ATUAL, ID_CATEGORIA) values (107, '6484229643.66', 'Margi Drury', '69.892.595-50', '685.307.387-25', '7 Merchant Avenue', '2020-06-05', 'ATIVO', null, 3, 1);
insert into TB_ASSOCIADO (ID_ASSOCIADO, COD_CARTEIRINHA, NOME_COMPLETO, RG, CPF, ENDERECO, DATA_ENTRADA_SISTEMA, STATUS, DATA_INATIVACAO, ID_PLANO_ATUAL, ID_CATEGORIA) values (108, '3530590444.35', 'Jessalyn Tackley', '62.456.689-81', '235.323.673-87', '9668 Blue Bill Park Trail', '2020-06-14', 'ATIVO', null, 1, 1);
insert into TB_ASSOCIADO (ID_ASSOCIADO, COD_CARTEIRINHA, NOME_COMPLETO, RG, CPF, ENDERECO, DATA_ENTRADA_SISTEMA, STATUS, DATA_INATIVACAO, ID_PLANO_ATUAL, ID_CATEGORIA) values (109, '6943024226.02', 'Michel Meese', '84.923.871-40', '705.269.288-09', '56457 Utah Plaza', '2020-06-24', 'ATIVO', null, 2, 1);
insert into TB_ASSOCIADO (ID_ASSOCIADO, COD_CARTEIRINHA, NOME_COMPLETO, RG, CPF, ENDERECO, DATA_ENTRADA_SISTEMA, STATUS, DATA_INATIVACAO, ID_PLANO_ATUAL, ID_CATEGORIA) values (110, '4560354604.36', 'Reilly Simonard', '32.236.541-69', '302.509.694-32', '1977 Everett Alley', '2020-06-19', 'ATIVO', null, 2, 1);
insert into TB_ASSOCIADO (ID_ASSOCIADO, COD_CARTEIRINHA, NOME_COMPLETO, RG, CPF, ENDERECO, DATA_ENTRADA_SISTEMA, STATUS, DATA_INATIVACAO, ID_PLANO_ATUAL, ID_CATEGORIA) values (111, '3683377077.22', 'Livy Whalley', '84.557.348-96', '847.945.716-41', '07 Holmberg Court', '2020-06-08', 'ATIVO', null, 3, 1);
insert into TB_ASSOCIADO (ID_ASSOCIADO, COD_CARTEIRINHA, NOME_COMPLETO, RG, CPF, ENDERECO, DATA_ENTRADA_SISTEMA, STATUS, DATA_INATIVACAO, ID_PLANO_ATUAL, ID_CATEGORIA) values (112, '1242955546.68', 'Carlo Dunkerly', '52.216.478-10', '047.826.692-94', '564 Park Meadow Crossing', '2020-06-14', 'ATIVO', null, 2, 1);
insert into TB_ASSOCIADO (ID_ASSOCIADO, COD_CARTEIRINHA, NOME_COMPLETO, RG, CPF, ENDERECO, DATA_ENTRADA_SISTEMA, STATUS, DATA_INATIVACAO, ID_PLANO_ATUAL, ID_CATEGORIA) values (113, '6581733973.08', 'Ronnie Gaffey', '89.905.932-25', '088.434.678-49', '1 Nobel Terrace', '2020-06-27', 'ATIVO', null, 3, 1);
insert into TB_ASSOCIADO (ID_ASSOCIADO, COD_CARTEIRINHA, NOME_COMPLETO, RG, CPF, ENDERECO, DATA_ENTRADA_SISTEMA, STATUS, DATA_INATIVACAO, ID_PLANO_ATUAL, ID_CATEGORIA) values (114, '9800638452.67', 'Gavra de Guerre', '87.373.863-27', '619.909.021-03', '179 Sauthoff Hill', '2020-06-09', 'ATIVO', null, 1, 1);
insert into TB_ASSOCIADO (ID_ASSOCIADO, COD_CARTEIRINHA, NOME_COMPLETO, RG, CPF, ENDERECO, DATA_ENTRADA_SISTEMA, STATUS, DATA_INATIVACAO, ID_PLANO_ATUAL, ID_CATEGORIA) values (115, '9741403145.02', 'Piper Yeats', '69.959.562-80', '118.021.076-62', '764 Troy Way', '2020-06-23', 'ATIVO', null, 3, 1);
insert into TB_ASSOCIADO (ID_ASSOCIADO, COD_CARTEIRINHA, NOME_COMPLETO, RG, CPF, ENDERECO, DATA_ENTRADA_SISTEMA, STATUS, DATA_INATIVACAO, ID_PLANO_ATUAL, ID_CATEGORIA) values (116, '1888554167.73', 'Arther Birchner', '80.886.466-40', '025.596.742-62', '9 Crowley Court', '2020-06-09', 'ATIVO', null, 2, 1);
insert into TB_ASSOCIADO (ID_ASSOCIADO, COD_CARTEIRINHA, NOME_COMPLETO, RG, CPF, ENDERECO, DATA_ENTRADA_SISTEMA, STATUS, DATA_INATIVACAO, ID_PLANO_ATUAL, ID_CATEGORIA) values (117, '9873554019.25', 'Gertrude Dow', '25.234.327-43', '922.899.211-54', '695 Randy Terrace', '2020-06-17', 'ATIVO', null, 2, 1);
insert into TB_ASSOCIADO (ID_ASSOCIADO, COD_CARTEIRINHA, NOME_COMPLETO, RG, CPF, ENDERECO, DATA_ENTRADA_SISTEMA, STATUS, DATA_INATIVACAO, ID_PLANO_ATUAL, ID_CATEGORIA) values (118, '8408563573.32', 'Cymbre Benoey', '03.125.156-71', '176.097.645-02', '64 Rockefeller Park', '2020-06-18', 'ATIVO', null, 2, 1);
insert into TB_ASSOCIADO (ID_ASSOCIADO, COD_CARTEIRINHA, NOME_COMPLETO, RG, CPF, ENDERECO, DATA_ENTRADA_SISTEMA, STATUS, DATA_INATIVACAO, ID_PLANO_ATUAL, ID_CATEGORIA) values (119, '0378703539.99', 'Adela Andrasch', '14.835.056-09', '781.480.657-55', '885 4th Plaza', '2020-06-15', 'ATIVO', null, 1, 1);
insert into TB_ASSOCIADO (ID_ASSOCIADO, COD_CARTEIRINHA, NOME_COMPLETO, RG, CPF, ENDERECO, DATA_ENTRADA_SISTEMA, STATUS, DATA_INATIVACAO, ID_PLANO_ATUAL, ID_CATEGORIA) values (120, '0404411887.87', 'Therese Emanulsson', '90.761.289-68', '880.821.774-98', '2820 Kropf Terrace', '2020-06-08', 'ATIVO', null, 2, 1);
insert into TB_ASSOCIADO (ID_ASSOCIADO, COD_CARTEIRINHA, NOME_COMPLETO, RG, CPF, ENDERECO, DATA_ENTRADA_SISTEMA, STATUS, DATA_INATIVACAO, ID_PLANO_ATUAL, ID_CATEGORIA) values (121, '0831336237.83', 'Alene Leathe', '98.403.656-99', '958.963.752-16', '86880 Spohn Avenue', '2020-06-29', 'ATIVO', null, 3, 1);
insert into TB_ASSOCIADO (ID_ASSOCIADO, COD_CARTEIRINHA, NOME_COMPLETO, RG, CPF, ENDERECO, DATA_ENTRADA_SISTEMA, STATUS, DATA_INATIVACAO, ID_PLANO_ATUAL, ID_CATEGORIA) values (122, '9714652192.43', 'Sinclair Griggs', '94.592.568-31', '473.126.702-64', '6879 Fairfield Junction', '2020-06-19', 'ATIVO', null, 2, 1);
insert into TB_ASSOCIADO (ID_ASSOCIADO, COD_CARTEIRINHA, NOME_COMPLETO, RG, CPF, ENDERECO, DATA_ENTRADA_SISTEMA, STATUS, DATA_INATIVACAO, ID_PLANO_ATUAL, ID_CATEGORIA) values (123, '6328754150.22', 'Lorin Dodridge', '21.870.014-53', '801.099.248-03', '37 Riverside Alley', '2020-06-25', 'ATIVO', null, 2, 1);
insert into TB_ASSOCIADO (ID_ASSOCIADO, COD_CARTEIRINHA, NOME_COMPLETO, RG, CPF, ENDERECO, DATA_ENTRADA_SISTEMA, STATUS, DATA_INATIVACAO, ID_PLANO_ATUAL, ID_CATEGORIA) values (124, '6695421525.58', 'Brandy Gauler', '98.899.725-91', '025.319.697-61', '71 Farmco Point', '2020-06-13', 'ATIVO', null, 2, 1);
insert into TB_ASSOCIADO (ID_ASSOCIADO, COD_CARTEIRINHA, NOME_COMPLETO, RG, CPF, ENDERECO, DATA_ENTRADA_SISTEMA, STATUS, DATA_INATIVACAO, ID_PLANO_ATUAL, ID_CATEGORIA) values (125, '3276595741.33', 'Flor Winchurch', '24.648.152-08', '325.162.419-70', '96 Mayer Parkway', '2020-06-25', 'ATIVO', null, 1, 1);
insert into TB_ASSOCIADO (ID_ASSOCIADO, COD_CARTEIRINHA, NOME_COMPLETO, RG, CPF, ENDERECO, DATA_ENTRADA_SISTEMA, STATUS, DATA_INATIVACAO, ID_PLANO_ATUAL, ID_CATEGORIA) values (126, '6037502175.42', 'Benetta Bossom', '23.205.300-96', '292.660.815-54', '8 Weeping Birch Trail', '2020-06-19', 'ATIVO', null, 3, 1);
insert into TB_ASSOCIADO (ID_ASSOCIADO, COD_CARTEIRINHA, NOME_COMPLETO, RG, CPF, ENDERECO, DATA_ENTRADA_SISTEMA, STATUS, DATA_INATIVACAO, ID_PLANO_ATUAL, ID_CATEGORIA) values (127, '8050152004.43', 'Eveline Finlan', '92.565.246-15', '866.540.668-36', '192 7th Parkway', '2020-06-28', 'ATIVO', null, 3, 1);
insert into TB_ASSOCIADO (ID_ASSOCIADO, COD_CARTEIRINHA, NOME_COMPLETO, RG, CPF, ENDERECO, DATA_ENTRADA_SISTEMA, STATUS, DATA_INATIVACAO, ID_PLANO_ATUAL, ID_CATEGORIA) values (128, '1290118679.70', 'Faydra McNeigh', '00.032.819-91', '410.073.487-45', '424 Nova Way', '2020-06-26', 'ATIVO', null, 1, 1);
insert into TB_ASSOCIADO (ID_ASSOCIADO, COD_CARTEIRINHA, NOME_COMPLETO, RG, CPF, ENDERECO, DATA_ENTRADA_SISTEMA, STATUS, DATA_INATIVACAO, ID_PLANO_ATUAL, ID_CATEGORIA) values (129, '0382398548.79', 'Jessika Eilhersen', '13.439.719-28', '459.393.009-36', '1 Wayridge Parkway', '2020-06-10', 'ATIVO', null, 2, 1);
insert into TB_ASSOCIADO (ID_ASSOCIADO, COD_CARTEIRINHA, NOME_COMPLETO, RG, CPF, ENDERECO, DATA_ENTRADA_SISTEMA, STATUS, DATA_INATIVACAO, ID_PLANO_ATUAL, ID_CATEGORIA) values (130, '4336048647.94', 'Celine Ghidelli', '09.972.873-78', '668.016.153-52', '882 Declaration Trail', '2020-06-30', 'ATIVO', null, 1, 1);
insert into TB_ASSOCIADO (ID_ASSOCIADO, COD_CARTEIRINHA, NOME_COMPLETO, RG, CPF, ENDERECO, DATA_ENTRADA_SISTEMA, STATUS, DATA_INATIVACAO, ID_PLANO_ATUAL, ID_CATEGORIA) values (131, '9960496456.54', 'Chase Konerding', '42.812.331-10', '295.798.247-65', '0 Independence Circle', '2020-06-21', 'ATIVO', null, 1, 1);
insert into TB_ASSOCIADO (ID_ASSOCIADO, COD_CARTEIRINHA, NOME_COMPLETO, RG, CPF, ENDERECO, DATA_ENTRADA_SISTEMA, STATUS, DATA_INATIVACAO, ID_PLANO_ATUAL, ID_CATEGORIA) values (132, '9788381263.87', 'Tami Grumell', '88.913.907-22', '385.459.923-94', '08918 Marquette Terrace', '2020-06-14', 'ATIVO', null, 1, 1);
insert into TB_ASSOCIADO (ID_ASSOCIADO, COD_CARTEIRINHA, NOME_COMPLETO, RG, CPF, ENDERECO, DATA_ENTRADA_SISTEMA, STATUS, DATA_INATIVACAO, ID_PLANO_ATUAL, ID_CATEGORIA) values (133, '1386476301.89', 'Yankee Mueller', '61.146.098-81', '387.794.451-46', '2235 Havey Circle', '2020-06-10', 'ATIVO', null, 3, 1);
insert into TB_ASSOCIADO (ID_ASSOCIADO, COD_CARTEIRINHA, NOME_COMPLETO, RG, CPF, ENDERECO, DATA_ENTRADA_SISTEMA, STATUS, DATA_INATIVACAO, ID_PLANO_ATUAL, ID_CATEGORIA) values (134, '8772745377.92', 'Arie Gaddes', '27.550.401-24', '540.992.044-99', '50 Fisk Terrace', '2020-06-13', 'ATIVO', null, 1, 1);
insert into TB_ASSOCIADO (ID_ASSOCIADO, COD_CARTEIRINHA, NOME_COMPLETO, RG, CPF, ENDERECO, DATA_ENTRADA_SISTEMA, STATUS, DATA_INATIVACAO, ID_PLANO_ATUAL, ID_CATEGORIA) values (135, '3400594008.24', 'Linnie Maitland', '70.423.782-62', '858.708.422-00', '00459 Schlimgen Court', '2020-06-14', 'ATIVO', null, 2, 1);
insert into TB_ASSOCIADO (ID_ASSOCIADO, COD_CARTEIRINHA, NOME_COMPLETO, RG, CPF, ENDERECO, DATA_ENTRADA_SISTEMA, STATUS, DATA_INATIVACAO, ID_PLANO_ATUAL, ID_CATEGORIA) values (136, '8895165689.99', 'Oliviero Stewart', '72.754.235-32', '227.079.307-53', '45023 Lyons Alley', '2020-06-21', 'ATIVO', null, 2, 1);
insert into TB_ASSOCIADO (ID_ASSOCIADO, COD_CARTEIRINHA, NOME_COMPLETO, RG, CPF, ENDERECO, DATA_ENTRADA_SISTEMA, STATUS, DATA_INATIVACAO, ID_PLANO_ATUAL, ID_CATEGORIA) values (137, '8011013322.77', 'Alasdair Rupp', '22.622.718-91', '667.528.759-01', '1 Reinke Junction', '2020-06-16', 'ATIVO', null, 1, 1);
insert into TB_ASSOCIADO (ID_ASSOCIADO, COD_CARTEIRINHA, NOME_COMPLETO, RG, CPF, ENDERECO, DATA_ENTRADA_SISTEMA, STATUS, DATA_INATIVACAO, ID_PLANO_ATUAL, ID_CATEGORIA) values (138, '4791004185.92', 'Rusty Dy', '11.627.977-30', '540.307.429-34', '513 Mosinee Terrace', '2020-06-26', 'ATIVO', null, 3, 1);
insert into TB_ASSOCIADO (ID_ASSOCIADO, COD_CARTEIRINHA, NOME_COMPLETO, RG, CPF, ENDERECO, DATA_ENTRADA_SISTEMA, STATUS, DATA_INATIVACAO, ID_PLANO_ATUAL, ID_CATEGORIA) values (139, '4468326027.54', 'Christa Clench', '08.097.321-63', '316.355.559-21', '73 Dunning Hill', '2020-06-09', 'ATIVO', null, 1, 1);
insert into TB_ASSOCIADO (ID_ASSOCIADO, COD_CARTEIRINHA, NOME_COMPLETO, RG, CPF, ENDERECO, DATA_ENTRADA_SISTEMA, STATUS, DATA_INATIVACAO, ID_PLANO_ATUAL, ID_CATEGORIA) values (140, '0156763341.64', 'Shena Vaudin', '20.098.042-39', '582.023.298-46', '2 Nova Lane', '2020-06-20', 'ATIVO', null, 3, 1);
insert into TB_ASSOCIADO (ID_ASSOCIADO, COD_CARTEIRINHA, NOME_COMPLETO, RG, CPF, ENDERECO, DATA_ENTRADA_SISTEMA, STATUS, DATA_INATIVACAO, ID_PLANO_ATUAL, ID_CATEGORIA) values (141, '8011312635.72', 'Jyoti Losebie', '80.390.711-87', '188.102.035-92', '8 Cordelia Alley', '2020-06-22', 'ATIVO', null, 3, 1);
insert into TB_ASSOCIADO (ID_ASSOCIADO, COD_CARTEIRINHA, NOME_COMPLETO, RG, CPF, ENDERECO, DATA_ENTRADA_SISTEMA, STATUS, DATA_INATIVACAO, ID_PLANO_ATUAL, ID_CATEGORIA) values (142, '7859538807.26', 'Kellia Kitson', '22.529.002-67', '759.590.095-13', '613 American Ash Hill', '2020-06-24', 'ATIVO', null, 3, 1);
insert into TB_ASSOCIADO (ID_ASSOCIADO, COD_CARTEIRINHA, NOME_COMPLETO, RG, CPF, ENDERECO, DATA_ENTRADA_SISTEMA, STATUS, DATA_INATIVACAO, ID_PLANO_ATUAL, ID_CATEGORIA) values (143, '3550930297.73', 'Bunny Baldree', '70.304.723-73', '503.654.800-58', '81432 Twin Pines Parkway', '2020-06-12', 'ATIVO', null, 2, 1);
insert into TB_ASSOCIADO (ID_ASSOCIADO, COD_CARTEIRINHA, NOME_COMPLETO, RG, CPF, ENDERECO, DATA_ENTRADA_SISTEMA, STATUS, DATA_INATIVACAO, ID_PLANO_ATUAL, ID_CATEGORIA) values (144, '8329970497.56', 'Hedda Trett', '31.760.256-73', '768.548.975-84', '902 Debra Alley', '2020-06-08', 'ATIVO', null, 3, 1);
insert into TB_ASSOCIADO (ID_ASSOCIADO, COD_CARTEIRINHA, NOME_COMPLETO, RG, CPF, ENDERECO, DATA_ENTRADA_SISTEMA, STATUS, DATA_INATIVACAO, ID_PLANO_ATUAL, ID_CATEGORIA) values (145, '7350658015.77', 'Mariele Hairesnape', '69.650.564-97', '766.358.054-87', '46 Duke Hill', '2020-06-07', 'ATIVO', null, 1, 1);
insert into TB_ASSOCIADO (ID_ASSOCIADO, COD_CARTEIRINHA, NOME_COMPLETO, RG, CPF, ENDERECO, DATA_ENTRADA_SISTEMA, STATUS, DATA_INATIVACAO, ID_PLANO_ATUAL, ID_CATEGORIA) values (146, '6102565143.63', 'Ekaterina Grace', '87.106.253-48', '126.651.327-14', '18419 Eastlawn Alley', '2020-06-28', 'ATIVO', null, 1, 1);
insert into TB_ASSOCIADO (ID_ASSOCIADO, COD_CARTEIRINHA, NOME_COMPLETO, RG, CPF, ENDERECO, DATA_ENTRADA_SISTEMA, STATUS, DATA_INATIVACAO, ID_PLANO_ATUAL, ID_CATEGORIA) values (147, '3065287985.82', 'Ingar Moreside', '09.100.362-01', '393.835.624-67', '13 Stuart Crossing', '2020-06-11', 'ATIVO', null, 3, 1);
insert into TB_ASSOCIADO (ID_ASSOCIADO, COD_CARTEIRINHA, NOME_COMPLETO, RG, CPF, ENDERECO, DATA_ENTRADA_SISTEMA, STATUS, DATA_INATIVACAO, ID_PLANO_ATUAL, ID_CATEGORIA) values (148, '9124125594.55', 'Karl Eallis', '43.262.913-83', '597.416.865-89', '3136 Shoshone Road', '2020-06-22', 'ATIVO', null, 1, 1);
insert into TB_ASSOCIADO (ID_ASSOCIADO, COD_CARTEIRINHA, NOME_COMPLETO, RG, CPF, ENDERECO, DATA_ENTRADA_SISTEMA, STATUS, DATA_INATIVACAO, ID_PLANO_ATUAL, ID_CATEGORIA) values (149, '9423285452.47', 'Colin Lunney', '09.275.796-41', '206.613.869-75', '0936 Vidon Avenue', '2020-06-14', 'ATIVO', null, 2, 1);
insert into TB_ASSOCIADO (ID_ASSOCIADO, COD_CARTEIRINHA, NOME_COMPLETO, RG, CPF, ENDERECO, DATA_ENTRADA_SISTEMA, STATUS, DATA_INATIVACAO, ID_PLANO_ATUAL, ID_CATEGORIA) values (150, '0336710246.41', 'Trudi Chicotti', '61.985.860-39', '558.882.957-72', '62 Huxley Alley', '2020-06-12', 'ATIVO', null, 2, 1);
insert into TB_ASSOCIADO (ID_ASSOCIADO, COD_CARTEIRINHA, NOME_COMPLETO, RG, CPF, ENDERECO, DATA_ENTRADA_SISTEMA, STATUS, DATA_INATIVACAO, ID_PLANO_ATUAL, ID_CATEGORIA) values (151, '6259436167.99', 'Brena Dennant', '99.995.235-64', '786.644.167-28', '0 Sutteridge Alley', '2020-06-09', 'ATIVO', null, 2, 1);
insert into TB_ASSOCIADO (ID_ASSOCIADO, COD_CARTEIRINHA, NOME_COMPLETO, RG, CPF, ENDERECO, DATA_ENTRADA_SISTEMA, STATUS, DATA_INATIVACAO, ID_PLANO_ATUAL, ID_CATEGORIA) values (152, '0830059853.48', 'Agretha Pohls', '69.353.540-86', '518.952.832-74', '3555 Darwin Junction', '2020-06-09', 'ATIVO', null, 2, 1);
insert into TB_ASSOCIADO (ID_ASSOCIADO, COD_CARTEIRINHA, NOME_COMPLETO, RG, CPF, ENDERECO, DATA_ENTRADA_SISTEMA, STATUS, DATA_INATIVACAO, ID_PLANO_ATUAL, ID_CATEGORIA) values (153, '2845607754.12', 'Demetria Leak', '13.519.015-65', '157.481.509-89', '380 Nelson Street', '2020-06-12', 'ATIVO', null, 1, 1);
insert into TB_ASSOCIADO (ID_ASSOCIADO, COD_CARTEIRINHA, NOME_COMPLETO, RG, CPF, ENDERECO, DATA_ENTRADA_SISTEMA, STATUS, DATA_INATIVACAO, ID_PLANO_ATUAL, ID_CATEGORIA) values (154, '3811818504.76', 'Clarita McKean', '60.734.696-15', '617.167.757-65', '2291 Bartelt Way', '2020-06-15', 'ATIVO', null, 3, 1);
insert into TB_ASSOCIADO (ID_ASSOCIADO, COD_CARTEIRINHA, NOME_COMPLETO, RG, CPF, ENDERECO, DATA_ENTRADA_SISTEMA, STATUS, DATA_INATIVACAO, ID_PLANO_ATUAL, ID_CATEGORIA) values (155, '1022473013.30', 'Lenette Wakelin', '27.040.625-38', '295.714.110-71', '29 Brickson Park Court', '2020-06-02', 'ATIVO', null, 2, 1);
insert into TB_ASSOCIADO (ID_ASSOCIADO, COD_CARTEIRINHA, NOME_COMPLETO, RG, CPF, ENDERECO, DATA_ENTRADA_SISTEMA, STATUS, DATA_INATIVACAO, ID_PLANO_ATUAL, ID_CATEGORIA) values (156, '6985880252.35', 'Robbert Milton-White', '74.979.337-04', '410.502.445-97', '5645 Cottonwood Parkway', '2020-06-21', 'ATIVO', null, 3, 1);
insert into TB_ASSOCIADO (ID_ASSOCIADO, COD_CARTEIRINHA, NOME_COMPLETO, RG, CPF, ENDERECO, DATA_ENTRADA_SISTEMA, STATUS, DATA_INATIVACAO, ID_PLANO_ATUAL, ID_CATEGORIA) values (157, '4291970668.88', 'Bob Kidgell', '27.595.638-09', '695.885.286-26', '20927 Clemons Trail', '2020-06-02', 'ATIVO', null, 2, 1);
insert into TB_ASSOCIADO (ID_ASSOCIADO, COD_CARTEIRINHA, NOME_COMPLETO, RG, CPF, ENDERECO, DATA_ENTRADA_SISTEMA, STATUS, DATA_INATIVACAO, ID_PLANO_ATUAL, ID_CATEGORIA) values (158, '3461525188.21', 'Winfield Eads', '16.511.518-59', '978.553.839-89', '2499 Lighthouse Bay Lane', '2020-06-09', 'ATIVO', null, 2, 1);
insert into TB_ASSOCIADO (ID_ASSOCIADO, COD_CARTEIRINHA, NOME_COMPLETO, RG, CPF, ENDERECO, DATA_ENTRADA_SISTEMA, STATUS, DATA_INATIVACAO, ID_PLANO_ATUAL, ID_CATEGORIA) values (159, '2845662579.24', 'Nerissa Stuehmeyer', '08.823.247-43', '125.117.224-00', '021 Kim Road', '2020-06-15', 'ATIVO', null, 2, 1);
insert into TB_ASSOCIADO (ID_ASSOCIADO, COD_CARTEIRINHA, NOME_COMPLETO, RG, CPF, ENDERECO, DATA_ENTRADA_SISTEMA, STATUS, DATA_INATIVACAO, ID_PLANO_ATUAL, ID_CATEGORIA) values (160, '0084293536.36', 'Cary Cattow', '32.221.319-85', '945.875.164-10', '5904 Bunker Hill Circle', '2020-06-09', 'ATIVO', null, 2, 1);
insert into TB_ASSOCIADO (ID_ASSOCIADO, COD_CARTEIRINHA, NOME_COMPLETO, RG, CPF, ENDERECO, DATA_ENTRADA_SISTEMA, STATUS, DATA_INATIVACAO, ID_PLANO_ATUAL, ID_CATEGORIA) values (161, '3202552339.87', 'Wolfy Beningfield', '91.279.066-31', '638.128.001-91', '5703 Sachs Road', '2020-06-26', 'ATIVO', null, 1, 1);
insert into TB_ASSOCIADO (ID_ASSOCIADO, COD_CARTEIRINHA, NOME_COMPLETO, RG, CPF, ENDERECO, DATA_ENTRADA_SISTEMA, STATUS, DATA_INATIVACAO, ID_PLANO_ATUAL, ID_CATEGORIA) values (162, '3195686654.09', 'Tedda Serfati', '52.660.818-68', '615.678.189-87', '65489 Kedzie Street', '2020-06-29', 'ATIVO', null, 2, 1);
insert into TB_ASSOCIADO (ID_ASSOCIADO, COD_CARTEIRINHA, NOME_COMPLETO, RG, CPF, ENDERECO, DATA_ENTRADA_SISTEMA, STATUS, DATA_INATIVACAO, ID_PLANO_ATUAL, ID_CATEGORIA) values (163, '9502910962.02', 'Batholomew Scholz', '74.973.368-03', '868.550.993-19', '4266 Clemons Pass', '2020-06-06', 'ATIVO', null, 3, 1);
insert into TB_ASSOCIADO (ID_ASSOCIADO, COD_CARTEIRINHA, NOME_COMPLETO, RG, CPF, ENDERECO, DATA_ENTRADA_SISTEMA, STATUS, DATA_INATIVACAO, ID_PLANO_ATUAL, ID_CATEGORIA) values (164, '9022480847.74', 'Berton Vernall', '45.004.167-96', '204.996.937-09', '3385 Westport Point', '2020-06-23', 'ATIVO', null, 2, 1);
insert into TB_ASSOCIADO (ID_ASSOCIADO, COD_CARTEIRINHA, NOME_COMPLETO, RG, CPF, ENDERECO, DATA_ENTRADA_SISTEMA, STATUS, DATA_INATIVACAO, ID_PLANO_ATUAL, ID_CATEGORIA) values (165, '1297105464.93', 'Gardy Ruller', '66.320.250-13', '769.564.386-28', '481 Rutledge Junction', '2020-06-07', 'ATIVO', null, 2, 1);
insert into TB_ASSOCIADO (ID_ASSOCIADO, COD_CARTEIRINHA, NOME_COMPLETO, RG, CPF, ENDERECO, DATA_ENTRADA_SISTEMA, STATUS, DATA_INATIVACAO, ID_PLANO_ATUAL, ID_CATEGORIA) values (166, '7620269258.11', 'Shirline Abotson', '70.663.915-33', '554.267.395-78', '698 Crownhardt Parkway', '2020-06-29', 'ATIVO', null, 2, 1);
insert into TB_ASSOCIADO (ID_ASSOCIADO, COD_CARTEIRINHA, NOME_COMPLETO, RG, CPF, ENDERECO, DATA_ENTRADA_SISTEMA, STATUS, DATA_INATIVACAO, ID_PLANO_ATUAL, ID_CATEGORIA) values (167, '2525133331.11', 'Jaimie Linner', '15.363.647-31', '410.248.653-71', '06121 Vermont Street', '2020-06-26', 'ATIVO', null, 2, 1);
insert into TB_ASSOCIADO (ID_ASSOCIADO, COD_CARTEIRINHA, NOME_COMPLETO, RG, CPF, ENDERECO, DATA_ENTRADA_SISTEMA, STATUS, DATA_INATIVACAO, ID_PLANO_ATUAL, ID_CATEGORIA) values (168, '5770002032.62', 'Sasha Moyce', '15.281.029-33', '789.343.716-87', '228 Monica Point', '2020-06-24', 'ATIVO', null, 2, 1);
insert into TB_ASSOCIADO (ID_ASSOCIADO, COD_CARTEIRINHA, NOME_COMPLETO, RG, CPF, ENDERECO, DATA_ENTRADA_SISTEMA, STATUS, DATA_INATIVACAO, ID_PLANO_ATUAL, ID_CATEGORIA) values (169, '4706367005.65', 'Karlis Delhay', '01.622.857-57', '079.184.901-11', '31 Logan Alley', '2020-06-01', 'ATIVO', null, 3, 1);
insert into TB_ASSOCIADO (ID_ASSOCIADO, COD_CARTEIRINHA, NOME_COMPLETO, RG, CPF, ENDERECO, DATA_ENTRADA_SISTEMA, STATUS, DATA_INATIVACAO, ID_PLANO_ATUAL, ID_CATEGORIA) values (170, '9675992295.75', 'Cart Evanson', '12.675.646-21', '619.692.307-49', '38 Dahle Drive', '2020-06-30', 'ATIVO', null, 2, 1);
insert into TB_ASSOCIADO (ID_ASSOCIADO, COD_CARTEIRINHA, NOME_COMPLETO, RG, CPF, ENDERECO, DATA_ENTRADA_SISTEMA, STATUS, DATA_INATIVACAO, ID_PLANO_ATUAL, ID_CATEGORIA) values (171, '4641361937.97', 'Ailbert Lonsdale', '50.502.771-41', '982.128.424-48', '20 Westend Way', '2020-06-30', 'ATIVO', null, 2, 1);
insert into TB_ASSOCIADO (ID_ASSOCIADO, COD_CARTEIRINHA, NOME_COMPLETO, RG, CPF, ENDERECO, DATA_ENTRADA_SISTEMA, STATUS, DATA_INATIVACAO, ID_PLANO_ATUAL, ID_CATEGORIA) values (172, '0830018699.05', 'Parke Coupman', '70.791.187-44', '116.723.758-48', '474 Glacier Hill Court', '2020-06-06', 'ATIVO', null, 1, 1);
insert into TB_ASSOCIADO (ID_ASSOCIADO, COD_CARTEIRINHA, NOME_COMPLETO, RG, CPF, ENDERECO, DATA_ENTRADA_SISTEMA, STATUS, DATA_INATIVACAO, ID_PLANO_ATUAL, ID_CATEGORIA) values (173, '9533536703.49', 'Abel Semble', '10.187.042-80', '717.772.157-22', '0442 David Place', '2020-06-11', 'ATIVO', null, 1, 1);
insert into TB_ASSOCIADO (ID_ASSOCIADO, COD_CARTEIRINHA, NOME_COMPLETO, RG, CPF, ENDERECO, DATA_ENTRADA_SISTEMA, STATUS, DATA_INATIVACAO, ID_PLANO_ATUAL, ID_CATEGORIA) values (174, '9734407066.53', 'Shell Armsden', '61.559.255-86', '566.476.659-19', '85212 Main Place', '2020-06-20', 'ATIVO', null, 3, 1);
insert into TB_ASSOCIADO (ID_ASSOCIADO, COD_CARTEIRINHA, NOME_COMPLETO, RG, CPF, ENDERECO, DATA_ENTRADA_SISTEMA, STATUS, DATA_INATIVACAO, ID_PLANO_ATUAL, ID_CATEGORIA) values (175, '1552840018.35', 'Prinz Baynton', '32.552.175-03', '581.060.226-85', '6232 Pawling Junction', '2020-06-13', 'ATIVO', null, 1, 1);
insert into TB_ASSOCIADO (ID_ASSOCIADO, COD_CARTEIRINHA, NOME_COMPLETO, RG, CPF, ENDERECO, DATA_ENTRADA_SISTEMA, STATUS, DATA_INATIVACAO, ID_PLANO_ATUAL, ID_CATEGORIA) values (176, '5720903314.89', 'Sharleen Sugarman', '55.156.370-43', '334.070.972-21', '978 Schmedeman Pass', '2020-06-15', 'ATIVO', null, 2, 1);
insert into TB_ASSOCIADO (ID_ASSOCIADO, COD_CARTEIRINHA, NOME_COMPLETO, RG, CPF, ENDERECO, DATA_ENTRADA_SISTEMA, STATUS, DATA_INATIVACAO, ID_PLANO_ATUAL, ID_CATEGORIA) values (177, '5343932690.26', 'Lishe Tadman', '35.427.676-17', '763.494.803-88', '71337 Northwestern Drive', '2020-06-17', 'ATIVO', null, 3, 1);
insert into TB_ASSOCIADO (ID_ASSOCIADO, COD_CARTEIRINHA, NOME_COMPLETO, RG, CPF, ENDERECO, DATA_ENTRADA_SISTEMA, STATUS, DATA_INATIVACAO, ID_PLANO_ATUAL, ID_CATEGORIA) values (178, '5321737749.96', 'Evvy Laffin', '80.100.624-22', '673.635.950-35', '04 Morrow Pass', '2020-06-11', 'ATIVO', null, 1, 1);
insert into TB_ASSOCIADO (ID_ASSOCIADO, COD_CARTEIRINHA, NOME_COMPLETO, RG, CPF, ENDERECO, DATA_ENTRADA_SISTEMA, STATUS, DATA_INATIVACAO, ID_PLANO_ATUAL, ID_CATEGORIA) values (179, '7559169100.09', 'Gery Van Arsdall', '64.502.368-50', '711.333.912-60', '21380 Northview Pass', '2020-06-18', 'ATIVO', null, 1, 1);
insert into TB_ASSOCIADO (ID_ASSOCIADO, COD_CARTEIRINHA, NOME_COMPLETO, RG, CPF, ENDERECO, DATA_ENTRADA_SISTEMA, STATUS, DATA_INATIVACAO, ID_PLANO_ATUAL, ID_CATEGORIA) values (180, '8000868855.02', 'Mariana Hannum', '57.673.363-85', '454.893.667-25', '921 Cordelia Crossing', '2020-06-04', 'ATIVO', null, 2, 1);
insert into TB_ASSOCIADO (ID_ASSOCIADO, COD_CARTEIRINHA, NOME_COMPLETO, RG, CPF, ENDERECO, DATA_ENTRADA_SISTEMA, STATUS, DATA_INATIVACAO, ID_PLANO_ATUAL, ID_CATEGORIA) values (181, '2153273059.95', 'Catharina Stearndale', '97.423.345-45', '926.043.354-75', '5 Brickson Park Point', '2020-06-09', 'ATIVO', null, 3, 1);
insert into TB_ASSOCIADO (ID_ASSOCIADO, COD_CARTEIRINHA, NOME_COMPLETO, RG, CPF, ENDERECO, DATA_ENTRADA_SISTEMA, STATUS, DATA_INATIVACAO, ID_PLANO_ATUAL, ID_CATEGORIA) values (182, '5507017966.26', 'Marcella Wadge', '46.230.928-34', '486.028.721-04', '86 Buell Park', '2020-06-15', 'ATIVO', null, 3, 1);
insert into TB_ASSOCIADO (ID_ASSOCIADO, COD_CARTEIRINHA, NOME_COMPLETO, RG, CPF, ENDERECO, DATA_ENTRADA_SISTEMA, STATUS, DATA_INATIVACAO, ID_PLANO_ATUAL, ID_CATEGORIA) values (183, '3816904946.72', 'Derry Marsh', '01.297.125-17', '769.893.344-62', '183 Judy Center', '2020-06-01', 'ATIVO', null, 3, 1);
insert into TB_ASSOCIADO (ID_ASSOCIADO, COD_CARTEIRINHA, NOME_COMPLETO, RG, CPF, ENDERECO, DATA_ENTRADA_SISTEMA, STATUS, DATA_INATIVACAO, ID_PLANO_ATUAL, ID_CATEGORIA) values (184, '1879477840.33', 'Gaven Hill', '69.582.428-17', '933.354.342-80', '15086 Heffernan Point', '2020-06-21', 'ATIVO', null, 2, 1);
insert into TB_ASSOCIADO (ID_ASSOCIADO, COD_CARTEIRINHA, NOME_COMPLETO, RG, CPF, ENDERECO, DATA_ENTRADA_SISTEMA, STATUS, DATA_INATIVACAO, ID_PLANO_ATUAL, ID_CATEGORIA) values (185, '4408805035.70', 'Jae Badby', '23.263.098-12', '024.897.259-58', '4 Springview Street', '2020-06-28', 'ATIVO', null, 2, 1);
insert into TB_ASSOCIADO (ID_ASSOCIADO, COD_CARTEIRINHA, NOME_COMPLETO, RG, CPF, ENDERECO, DATA_ENTRADA_SISTEMA, STATUS, DATA_INATIVACAO, ID_PLANO_ATUAL, ID_CATEGORIA) values (186, '4803051442.69', 'Melesa Healey', '13.877.634-47', '633.627.684-42', '5 Gale Plaza', '2020-06-17', 'ATIVO', null, 1, 1);
insert into TB_ASSOCIADO (ID_ASSOCIADO, COD_CARTEIRINHA, NOME_COMPLETO, RG, CPF, ENDERECO, DATA_ENTRADA_SISTEMA, STATUS, DATA_INATIVACAO, ID_PLANO_ATUAL, ID_CATEGORIA) values (187, '6225248609.16', 'Jeana Pfaffe', '50.946.382-91', '478.262.055-33', '07099 Shoshone Park', '2020-06-22', 'ATIVO', null, 1, 1);
insert into TB_ASSOCIADO (ID_ASSOCIADO, COD_CARTEIRINHA, NOME_COMPLETO, RG, CPF, ENDERECO, DATA_ENTRADA_SISTEMA, STATUS, DATA_INATIVACAO, ID_PLANO_ATUAL, ID_CATEGORIA) values (188, '2583795673.79', 'Alejandro Sappell', '71.772.620-68', '775.187.111-68', '3 Hoffman Drive', '2020-06-16', 'ATIVO', null, 3, 1);
insert into TB_ASSOCIADO (ID_ASSOCIADO, COD_CARTEIRINHA, NOME_COMPLETO, RG, CPF, ENDERECO, DATA_ENTRADA_SISTEMA, STATUS, DATA_INATIVACAO, ID_PLANO_ATUAL, ID_CATEGORIA) values (189, '7460938790.16', 'Kenneth Farmloe', '59.198.259-62', '996.028.838-89', '7323 Garrison Street', '2020-06-23', 'ATIVO', null, 2, 1);
insert into TB_ASSOCIADO (ID_ASSOCIADO, COD_CARTEIRINHA, NOME_COMPLETO, RG, CPF, ENDERECO, DATA_ENTRADA_SISTEMA, STATUS, DATA_INATIVACAO, ID_PLANO_ATUAL, ID_CATEGORIA) values (190, '3345358991.48', 'Sinclair Andrew', '47.574.562-97', '218.224.318-29', '0 Everett Terrace', '2020-06-07', 'ATIVO', null, 2, 1);
insert into TB_ASSOCIADO (ID_ASSOCIADO, COD_CARTEIRINHA, NOME_COMPLETO, RG, CPF, ENDERECO, DATA_ENTRADA_SISTEMA, STATUS, DATA_INATIVACAO, ID_PLANO_ATUAL, ID_CATEGORIA) values (191, '3303601675.44', 'Audra McCuffie', '41.884.552-10', '988.324.697-48', '715 Bayside Circle', '2020-06-23', 'ATIVO', null, 1, 1);
insert into TB_ASSOCIADO (ID_ASSOCIADO, COD_CARTEIRINHA, NOME_COMPLETO, RG, CPF, ENDERECO, DATA_ENTRADA_SISTEMA, STATUS, DATA_INATIVACAO, ID_PLANO_ATUAL, ID_CATEGORIA) values (192, '8959934468.14', 'Gavin Gatecliff', '93.998.218-20', '238.430.011-50', '73113 Shelley Avenue', '2020-06-03', 'ATIVO', null, 2, 1);
insert into TB_ASSOCIADO (ID_ASSOCIADO, COD_CARTEIRINHA, NOME_COMPLETO, RG, CPF, ENDERECO, DATA_ENTRADA_SISTEMA, STATUS, DATA_INATIVACAO, ID_PLANO_ATUAL, ID_CATEGORIA) values (193, '7077009516.78', 'Mariejeanne Boules', '45.667.489-42', '753.788.084-96', '6 Elgar Trail', '2020-06-10', 'ATIVO', null, 2, 1);
insert into TB_ASSOCIADO (ID_ASSOCIADO, COD_CARTEIRINHA, NOME_COMPLETO, RG, CPF, ENDERECO, DATA_ENTRADA_SISTEMA, STATUS, DATA_INATIVACAO, ID_PLANO_ATUAL, ID_CATEGORIA) values (194, '6218003723.38', 'Ana O''Scollee', '78.928.967-01', '324.876.095-73', '5 Cottonwood Junction', '2020-06-07', 'ATIVO', null, 3, 1);
insert into TB_ASSOCIADO (ID_ASSOCIADO, COD_CARTEIRINHA, NOME_COMPLETO, RG, CPF, ENDERECO, DATA_ENTRADA_SISTEMA, STATUS, DATA_INATIVACAO, ID_PLANO_ATUAL, ID_CATEGORIA) values (195, '1148733355.29', 'Dav Babidge', '14.079.512-40', '729.032.744-04', '18899 Charing Cross Road', '2020-06-14', 'ATIVO', null, 2, 1);
insert into TB_ASSOCIADO (ID_ASSOCIADO, COD_CARTEIRINHA, NOME_COMPLETO, RG, CPF, ENDERECO, DATA_ENTRADA_SISTEMA, STATUS, DATA_INATIVACAO, ID_PLANO_ATUAL, ID_CATEGORIA) values (196, '1831995439.71', 'Jacky Tebbett', '13.183.126-72', '047.881.063-09', '9429 Union Drive', '2020-06-09', 'ATIVO', null, 3, 1);
insert into TB_ASSOCIADO (ID_ASSOCIADO, COD_CARTEIRINHA, NOME_COMPLETO, RG, CPF, ENDERECO, DATA_ENTRADA_SISTEMA, STATUS, DATA_INATIVACAO, ID_PLANO_ATUAL, ID_CATEGORIA) values (197, '6365594916.80', 'Orelie McGoon', '49.616.649-00', '072.282.670-95', '2 Prairieview Center', '2020-06-21', 'ATIVO', null, 1, 1);
insert into TB_ASSOCIADO (ID_ASSOCIADO, COD_CARTEIRINHA, NOME_COMPLETO, RG, CPF, ENDERECO, DATA_ENTRADA_SISTEMA, STATUS, DATA_INATIVACAO, ID_PLANO_ATUAL, ID_CATEGORIA) values (198, '9880372232.23', 'Bibbye Antoniazzi', '69.173.772-73', '588.791.465-36', '5187 Summit Crossing', '2020-06-15', 'ATIVO', null, 2, 1);
insert into TB_ASSOCIADO (ID_ASSOCIADO, COD_CARTEIRINHA, NOME_COMPLETO, RG, CPF, ENDERECO, DATA_ENTRADA_SISTEMA, STATUS, DATA_INATIVACAO, ID_PLANO_ATUAL, ID_CATEGORIA) values (199, '8376793860.91', 'Phyllys Eggleston', '97.346.661-33', '066.764.367-61', '8698 Schlimgen Trail', '2020-06-05', 'ATIVO', null, 3, 1);
insert into TB_ASSOCIADO (ID_ASSOCIADO, COD_CARTEIRINHA, NOME_COMPLETO, RG, CPF, ENDERECO, DATA_ENTRADA_SISTEMA, STATUS, DATA_INATIVACAO, ID_PLANO_ATUAL, ID_CATEGORIA) values (200, '8626477517.07', 'Wren Buchan', '22.289.578-00', '602.450.416-53', '36889 Badeau Circle', '2020-06-15', 'ATIVO', null, 2, 1);
insert into TB_ASSOCIADO (ID_ASSOCIADO, COD_CARTEIRINHA, NOME_COMPLETO, RG, CPF, ENDERECO, DATA_ENTRADA_SISTEMA, STATUS, DATA_INATIVACAO, ID_PLANO_ATUAL, ID_CATEGORIA) values (201, '9884659988.15', 'Paula Haverty', '69.263.637-13', '319.274.442-95', '73 Leroy Center', '2020-06-12', 'ATIVO', null, 3, 1);
insert into TB_ASSOCIADO (ID_ASSOCIADO, COD_CARTEIRINHA, NOME_COMPLETO, RG, CPF, ENDERECO, DATA_ENTRADA_SISTEMA, STATUS, DATA_INATIVACAO, ID_PLANO_ATUAL, ID_CATEGORIA) values (202, '1646590147.77', 'Dorthy Friel', '62.480.977-05', '513.147.455-89', '395 Moland Road', '2020-06-28', 'ATIVO', null, 3, 1);
insert into TB_ASSOCIADO (ID_ASSOCIADO, COD_CARTEIRINHA, NOME_COMPLETO, RG, CPF, ENDERECO, DATA_ENTRADA_SISTEMA, STATUS, DATA_INATIVACAO, ID_PLANO_ATUAL, ID_CATEGORIA) values (203, '1189926402.91', 'Analiese Eltone', '37.834.141-82', '248.759.842-73', '7673 Arkansas Park', '2020-06-16', 'ATIVO', null, 1, 1);
insert into TB_ASSOCIADO (ID_ASSOCIADO, COD_CARTEIRINHA, NOME_COMPLETO, RG, CPF, ENDERECO, DATA_ENTRADA_SISTEMA, STATUS, DATA_INATIVACAO, ID_PLANO_ATUAL, ID_CATEGORIA) values (204, '2102119684.09', 'Erie MacGilrewy', '15.087.524-01', '302.031.003-28', '7199 Mariners Cove Way', '2020-06-08', 'ATIVO', null, 2, 1);
insert into TB_ASSOCIADO (ID_ASSOCIADO, COD_CARTEIRINHA, NOME_COMPLETO, RG, CPF, ENDERECO, DATA_ENTRADA_SISTEMA, STATUS, DATA_INATIVACAO, ID_PLANO_ATUAL, ID_CATEGORIA) values (205, '8254379204.15', 'Odetta Scholcroft', '29.778.083-26', '913.183.861-44', '48589 Moland Crossing', '2020-06-24', 'ATIVO', null, 2, 1);
insert into TB_ASSOCIADO (ID_ASSOCIADO, COD_CARTEIRINHA, NOME_COMPLETO, RG, CPF, ENDERECO, DATA_ENTRADA_SISTEMA, STATUS, DATA_INATIVACAO, ID_PLANO_ATUAL, ID_CATEGORIA) values (206, '2579587005.10', 'Ralina Hegges', '79.611.366-01', '229.840.047-12', '5624 Butternut Way', '2020-06-08', 'ATIVO', null, 1, 1);
insert into TB_ASSOCIADO (ID_ASSOCIADO, COD_CARTEIRINHA, NOME_COMPLETO, RG, CPF, ENDERECO, DATA_ENTRADA_SISTEMA, STATUS, DATA_INATIVACAO, ID_PLANO_ATUAL, ID_CATEGORIA) values (207, '4228621067.92', 'Rafaelia Littlefair', '85.168.286-01', '890.869.298-10', '7 Dexter Junction', '2020-06-22', 'ATIVO', null, 2, 1);
insert into TB_ASSOCIADO (ID_ASSOCIADO, COD_CARTEIRINHA, NOME_COMPLETO, RG, CPF, ENDERECO, DATA_ENTRADA_SISTEMA, STATUS, DATA_INATIVACAO, ID_PLANO_ATUAL, ID_CATEGORIA) values (208, '3662206612.05', 'Danni Skelton', '08.912.325-40', '411.680.521-96', '3100 Moland Point', '2020-06-08', 'ATIVO', null, 2, 1);
insert into TB_ASSOCIADO (ID_ASSOCIADO, COD_CARTEIRINHA, NOME_COMPLETO, RG, CPF, ENDERECO, DATA_ENTRADA_SISTEMA, STATUS, DATA_INATIVACAO, ID_PLANO_ATUAL, ID_CATEGORIA) values (209, '8527860249.62', 'Daryl Mildenhall', '10.007.314-59', '644.378.094-40', '9 Lindbergh Avenue', '2020-06-02', 'ATIVO', null, 2, 1);
insert into TB_ASSOCIADO (ID_ASSOCIADO, COD_CARTEIRINHA, NOME_COMPLETO, RG, CPF, ENDERECO, DATA_ENTRADA_SISTEMA, STATUS, DATA_INATIVACAO, ID_PLANO_ATUAL, ID_CATEGORIA) values (210, '8087561412.29', 'Karlyn Cardoe', '64.132.214-37', '714.048.190-02', '857 Veith Street', '2020-06-30', 'ATIVO', null, 2, 1);
insert into TB_ASSOCIADO (ID_ASSOCIADO, COD_CARTEIRINHA, NOME_COMPLETO, RG, CPF, ENDERECO, DATA_ENTRADA_SISTEMA, STATUS, DATA_INATIVACAO, ID_PLANO_ATUAL, ID_CATEGORIA) values (211, '4042838900.51', 'Felecia McKeevers', '73.662.946-88', '486.483.222-16', '33 Shoshone Drive', '2020-06-30', 'ATIVO', null, 3, 1);
insert into TB_ASSOCIADO (ID_ASSOCIADO, COD_CARTEIRINHA, NOME_COMPLETO, RG, CPF, ENDERECO, DATA_ENTRADA_SISTEMA, STATUS, DATA_INATIVACAO, ID_PLANO_ATUAL, ID_CATEGORIA) values (212, '1303011076.01', 'Mickie Ramsell', '00.495.686-71', '296.342.484-95', '192 Mandrake Plaza', '2020-06-06', 'ATIVO', null, 1, 1);
insert into TB_ASSOCIADO (ID_ASSOCIADO, COD_CARTEIRINHA, NOME_COMPLETO, RG, CPF, ENDERECO, DATA_ENTRADA_SISTEMA, STATUS, DATA_INATIVACAO, ID_PLANO_ATUAL, ID_CATEGORIA) values (213, '4314798226.22', 'Riane Garratt', '55.953.540-25', '539.731.638-15', '20 Atwood Road', '2020-06-22', 'ATIVO', null, 1, 1);
insert into TB_ASSOCIADO (ID_ASSOCIADO, COD_CARTEIRINHA, NOME_COMPLETO, RG, CPF, ENDERECO, DATA_ENTRADA_SISTEMA, STATUS, DATA_INATIVACAO, ID_PLANO_ATUAL, ID_CATEGORIA) values (214, '5380837218.88', 'Thurston Jaggard', '74.902.413-27', '630.465.374-17', '1 Summit Trail', '2020-06-17', 'ATIVO', null, 1, 1);
insert into TB_ASSOCIADO (ID_ASSOCIADO, COD_CARTEIRINHA, NOME_COMPLETO, RG, CPF, ENDERECO, DATA_ENTRADA_SISTEMA, STATUS, DATA_INATIVACAO, ID_PLANO_ATUAL, ID_CATEGORIA) values (215, '8474298636.97', 'Genna Fere', '67.910.312-05', '834.626.076-66', '4467 Shelley Lane', '2020-06-10', 'ATIVO', null, 1, 1);
insert into TB_ASSOCIADO (ID_ASSOCIADO, COD_CARTEIRINHA, NOME_COMPLETO, RG, CPF, ENDERECO, DATA_ENTRADA_SISTEMA, STATUS, DATA_INATIVACAO, ID_PLANO_ATUAL, ID_CATEGORIA) values (216, '8697760179.84', 'Karyl Folger', '90.953.134-02', '037.880.860-09', '0 Anzinger Drive', '2020-06-03', 'ATIVO', null, 1, 1);
insert into TB_ASSOCIADO (ID_ASSOCIADO, COD_CARTEIRINHA, NOME_COMPLETO, RG, CPF, ENDERECO, DATA_ENTRADA_SISTEMA, STATUS, DATA_INATIVACAO, ID_PLANO_ATUAL, ID_CATEGORIA) values (217, '6055403893.74', 'Veradis Izkovitch', '95.357.957-71', '124.864.678-05', '00 Tomscot Place', '2020-06-18', 'ATIVO', null, 3, 1);
insert into TB_ASSOCIADO (ID_ASSOCIADO, COD_CARTEIRINHA, NOME_COMPLETO, RG, CPF, ENDERECO, DATA_ENTRADA_SISTEMA, STATUS, DATA_INATIVACAO, ID_PLANO_ATUAL, ID_CATEGORIA) values (218, '8525767553.19', 'Wandis Parlott', '75.695.777-17', '255.511.507-28', '64145 Sunnyside Parkway', '2020-06-29', 'ATIVO', null, 1, 1);
insert into TB_ASSOCIADO (ID_ASSOCIADO, COD_CARTEIRINHA, NOME_COMPLETO, RG, CPF, ENDERECO, DATA_ENTRADA_SISTEMA, STATUS, DATA_INATIVACAO, ID_PLANO_ATUAL, ID_CATEGORIA) values (219, '5604457962.53', 'Dorey Wallbank', '52.327.685-26', '387.506.588-52', '65263 Pond Drive', '2020-06-24', 'ATIVO', null, 2, 1);
insert into TB_ASSOCIADO (ID_ASSOCIADO, COD_CARTEIRINHA, NOME_COMPLETO, RG, CPF, ENDERECO, DATA_ENTRADA_SISTEMA, STATUS, DATA_INATIVACAO, ID_PLANO_ATUAL, ID_CATEGORIA) values (220, '0981432129.53', 'Zorina Leemans', '34.715.275-61', '409.848.352-66', '746 Northport Road', '2020-06-25', 'ATIVO', null, 3, 1);
insert into TB_ASSOCIADO (ID_ASSOCIADO, COD_CARTEIRINHA, NOME_COMPLETO, RG, CPF, ENDERECO, DATA_ENTRADA_SISTEMA, STATUS, DATA_INATIVACAO, ID_PLANO_ATUAL, ID_CATEGORIA) values (221, '4241521409.49', 'Francoise Lewtey', '28.245.483-77', '646.057.264-85', '31396 Briar Crest Court', '2020-06-06', 'ATIVO', null, 3, 1);
insert into TB_ASSOCIADO (ID_ASSOCIADO, COD_CARTEIRINHA, NOME_COMPLETO, RG, CPF, ENDERECO, DATA_ENTRADA_SISTEMA, STATUS, DATA_INATIVACAO, ID_PLANO_ATUAL, ID_CATEGORIA) values (222, '1326580448.68', 'William Compson', '58.427.579-96', '420.126.939-71', '106 Bultman Road', '2020-06-16', 'ATIVO', null, 3, 1);
insert into TB_ASSOCIADO (ID_ASSOCIADO, COD_CARTEIRINHA, NOME_COMPLETO, RG, CPF, ENDERECO, DATA_ENTRADA_SISTEMA, STATUS, DATA_INATIVACAO, ID_PLANO_ATUAL, ID_CATEGORIA) values (223, '9450035850.49', 'Shurwood Balstone', '41.995.398-25', '076.181.088-34', '0 Crowley Crossing', '2020-06-10', 'ATIVO', null, 3, 1);
insert into TB_ASSOCIADO (ID_ASSOCIADO, COD_CARTEIRINHA, NOME_COMPLETO, RG, CPF, ENDERECO, DATA_ENTRADA_SISTEMA, STATUS, DATA_INATIVACAO, ID_PLANO_ATUAL, ID_CATEGORIA) values (224, '0883885608.95', 'Daffy Jozwiak', '85.816.517-77', '170.430.077-49', '187 Derek Plaza', '2020-06-10', 'ATIVO', null, 1, 1);
insert into TB_ASSOCIADO (ID_ASSOCIADO, COD_CARTEIRINHA, NOME_COMPLETO, RG, CPF, ENDERECO, DATA_ENTRADA_SISTEMA, STATUS, DATA_INATIVACAO, ID_PLANO_ATUAL, ID_CATEGORIA) values (225, '2641686158.28', 'Jamal Cornborough', '49.287.407-88', '642.948.136-19', '03 Moulton Drive', '2020-06-30', 'ATIVO', null, 2, 1);
insert into TB_ASSOCIADO (ID_ASSOCIADO, COD_CARTEIRINHA, NOME_COMPLETO, RG, CPF, ENDERECO, DATA_ENTRADA_SISTEMA, STATUS, DATA_INATIVACAO, ID_PLANO_ATUAL, ID_CATEGORIA) values (226, '6380563519.34', 'Benedetto Brocking', '48.298.156-43', '356.283.953-36', '8365 Grover Parkway', '2020-06-09', 'ATIVO', null, 3, 1);
insert into TB_ASSOCIADO (ID_ASSOCIADO, COD_CARTEIRINHA, NOME_COMPLETO, RG, CPF, ENDERECO, DATA_ENTRADA_SISTEMA, STATUS, DATA_INATIVACAO, ID_PLANO_ATUAL, ID_CATEGORIA) values (227, '9244384005.32', 'Daryn Mitchard', '58.611.404-57', '728.826.266-20', '12597 Shelley Drive', '2020-06-29', 'ATIVO', null, 2, 1);
insert into TB_ASSOCIADO (ID_ASSOCIADO, COD_CARTEIRINHA, NOME_COMPLETO, RG, CPF, ENDERECO, DATA_ENTRADA_SISTEMA, STATUS, DATA_INATIVACAO, ID_PLANO_ATUAL, ID_CATEGORIA) values (228, '3735715199.50', 'William Sandaver', '10.339.711-88', '638.988.154-34', '0581 Carey Park', '2020-06-22', 'ATIVO', null, 1, 1);
insert into TB_ASSOCIADO (ID_ASSOCIADO, COD_CARTEIRINHA, NOME_COMPLETO, RG, CPF, ENDERECO, DATA_ENTRADA_SISTEMA, STATUS, DATA_INATIVACAO, ID_PLANO_ATUAL, ID_CATEGORIA) values (229, '9795634945.43', 'Chane Gyngell', '33.213.133-04', '793.523.804-07', '6818 Dayton Street', '2020-06-24', 'ATIVO', null, 1, 1);
insert into TB_ASSOCIADO (ID_ASSOCIADO, COD_CARTEIRINHA, NOME_COMPLETO, RG, CPF, ENDERECO, DATA_ENTRADA_SISTEMA, STATUS, DATA_INATIVACAO, ID_PLANO_ATUAL, ID_CATEGORIA) values (230, '3829883000.68', 'Sissy McGuiney', '20.219.198-58', '245.824.664-03', '22 Lerdahl Plaza', '2020-06-26', 'ATIVO', null, 2, 1);
insert into TB_ASSOCIADO (ID_ASSOCIADO, COD_CARTEIRINHA, NOME_COMPLETO, RG, CPF, ENDERECO, DATA_ENTRADA_SISTEMA, STATUS, DATA_INATIVACAO, ID_PLANO_ATUAL, ID_CATEGORIA) values (231, '0937258997.43', 'Artair Oppery', '66.200.436-22', '859.879.169-45', '47636 Sundown Point', '2020-06-06', 'ATIVO', null, 2, 1);
insert into TB_ASSOCIADO (ID_ASSOCIADO, COD_CARTEIRINHA, NOME_COMPLETO, RG, CPF, ENDERECO, DATA_ENTRADA_SISTEMA, STATUS, DATA_INATIVACAO, ID_PLANO_ATUAL, ID_CATEGORIA) values (232, '8761237445.38', 'Fulton Muat', '53.697.453-78', '131.436.185-20', '17849 1st Plaza', '2020-06-28', 'ATIVO', null, 2, 1);
insert into TB_ASSOCIADO (ID_ASSOCIADO, COD_CARTEIRINHA, NOME_COMPLETO, RG, CPF, ENDERECO, DATA_ENTRADA_SISTEMA, STATUS, DATA_INATIVACAO, ID_PLANO_ATUAL, ID_CATEGORIA) values (233, '9115587835.62', 'Goraud Chastagnier', '63.297.966-00', '096.157.796-65', '954 American Drive', '2020-06-14', 'ATIVO', null, 2, 1);
insert into TB_ASSOCIADO (ID_ASSOCIADO, COD_CARTEIRINHA, NOME_COMPLETO, RG, CPF, ENDERECO, DATA_ENTRADA_SISTEMA, STATUS, DATA_INATIVACAO, ID_PLANO_ATUAL, ID_CATEGORIA) values (234, '3934735391.10', 'Corry Duchesne', '90.557.121-43', '579.291.970-09', '75 Granby Road', '2020-06-06', 'ATIVO', null, 3, 1);
insert into TB_ASSOCIADO (ID_ASSOCIADO, COD_CARTEIRINHA, NOME_COMPLETO, RG, CPF, ENDERECO, DATA_ENTRADA_SISTEMA, STATUS, DATA_INATIVACAO, ID_PLANO_ATUAL, ID_CATEGORIA) values (235, '8448198910.81', 'Dulcia MacFadzan', '69.557.135-68', '283.819.950-87', '0 Evergreen Junction', '2020-06-16', 'ATIVO', null, 2, 1);
insert into TB_ASSOCIADO (ID_ASSOCIADO, COD_CARTEIRINHA, NOME_COMPLETO, RG, CPF, ENDERECO, DATA_ENTRADA_SISTEMA, STATUS, DATA_INATIVACAO, ID_PLANO_ATUAL, ID_CATEGORIA) values (236, '7626977053.54', 'Galen Nigh', '20.747.113-84', '868.326.795-77', '4 Northfield Way', '2020-06-12', 'ATIVO', null, 1, 1);
insert into TB_ASSOCIADO (ID_ASSOCIADO, COD_CARTEIRINHA, NOME_COMPLETO, RG, CPF, ENDERECO, DATA_ENTRADA_SISTEMA, STATUS, DATA_INATIVACAO, ID_PLANO_ATUAL, ID_CATEGORIA) values (237, '1840077339.53', 'Gaelan Helliker', '12.767.828-54', '507.416.311-75', '87712 Scofield Avenue', '2020-06-26', 'ATIVO', null, 2, 1);
insert into TB_ASSOCIADO (ID_ASSOCIADO, COD_CARTEIRINHA, NOME_COMPLETO, RG, CPF, ENDERECO, DATA_ENTRADA_SISTEMA, STATUS, DATA_INATIVACAO, ID_PLANO_ATUAL, ID_CATEGORIA) values (238, '9889365758.08', 'Derry Sugars', '81.198.930-76', '617.746.377-09', '8 1st Hill', '2020-06-05', 'ATIVO', null, 2, 1);
insert into TB_ASSOCIADO (ID_ASSOCIADO, COD_CARTEIRINHA, NOME_COMPLETO, RG, CPF, ENDERECO, DATA_ENTRADA_SISTEMA, STATUS, DATA_INATIVACAO, ID_PLANO_ATUAL, ID_CATEGORIA) values (239, '3911277136.65', 'Lucky McMurthy', '86.591.183-66', '119.878.995-18', '0494 Brown Road', '2020-06-16', 'ATIVO', null, 2, 1);
insert into TB_ASSOCIADO (ID_ASSOCIADO, COD_CARTEIRINHA, NOME_COMPLETO, RG, CPF, ENDERECO, DATA_ENTRADA_SISTEMA, STATUS, DATA_INATIVACAO, ID_PLANO_ATUAL, ID_CATEGORIA) values (240, '4689793688.23', 'Adrianna McInnerny', '36.915.906-02', '951.611.781-09', '945 Holy Cross Trail', '2020-06-18', 'ATIVO', null, 2, 1);
insert into TB_ASSOCIADO (ID_ASSOCIADO, COD_CARTEIRINHA, NOME_COMPLETO, RG, CPF, ENDERECO, DATA_ENTRADA_SISTEMA, STATUS, DATA_INATIVACAO, ID_PLANO_ATUAL, ID_CATEGORIA) values (241, '1039112638.78', 'Amalia Cutler', '68.898.125-54', '469.970.807-23', '18117 Lake View Way', '2020-06-12', 'ATIVO', null, 1, 1);
insert into TB_ASSOCIADO (ID_ASSOCIADO, COD_CARTEIRINHA, NOME_COMPLETO, RG, CPF, ENDERECO, DATA_ENTRADA_SISTEMA, STATUS, DATA_INATIVACAO, ID_PLANO_ATUAL, ID_CATEGORIA) values (242, '1145974039.33', 'Minnie Korneichik', '29.730.110-25', '184.263.856-98', '7274 Paget Plaza', '2020-06-01', 'ATIVO', null, 2, 1);
insert into TB_ASSOCIADO (ID_ASSOCIADO, COD_CARTEIRINHA, NOME_COMPLETO, RG, CPF, ENDERECO, DATA_ENTRADA_SISTEMA, STATUS, DATA_INATIVACAO, ID_PLANO_ATUAL, ID_CATEGORIA) values (243, '7152004331.41', 'Georgetta Trillo', '50.697.204-62', '372.853.619-17', '89 Harper Lane', '2020-06-04', 'ATIVO', null, 3, 1);
insert into TB_ASSOCIADO (ID_ASSOCIADO, COD_CARTEIRINHA, NOME_COMPLETO, RG, CPF, ENDERECO, DATA_ENTRADA_SISTEMA, STATUS, DATA_INATIVACAO, ID_PLANO_ATUAL, ID_CATEGORIA) values (244, '1535078695.08', 'Alexandre Adie', '33.392.962-10', '385.509.836-78', '8888 Pine View Court', '2020-06-20', 'ATIVO', null, 2, 1);
insert into TB_ASSOCIADO (ID_ASSOCIADO, COD_CARTEIRINHA, NOME_COMPLETO, RG, CPF, ENDERECO, DATA_ENTRADA_SISTEMA, STATUS, DATA_INATIVACAO, ID_PLANO_ATUAL, ID_CATEGORIA) values (245, '0846329626.96', 'Simmonds Leak', '45.977.737-04', '040.025.718-74', '989 Havey Way', '2020-06-15', 'ATIVO', null, 2, 1);
insert into TB_ASSOCIADO (ID_ASSOCIADO, COD_CARTEIRINHA, NOME_COMPLETO, RG, CPF, ENDERECO, DATA_ENTRADA_SISTEMA, STATUS, DATA_INATIVACAO, ID_PLANO_ATUAL, ID_CATEGORIA) values (246, '6217478132.93', 'Cobby Kay', '96.091.877-29', '595.487.070-77', '1758 Manitowish Alley', '2020-06-18', 'ATIVO', null, 1, 1);
insert into TB_ASSOCIADO (ID_ASSOCIADO, COD_CARTEIRINHA, NOME_COMPLETO, RG, CPF, ENDERECO, DATA_ENTRADA_SISTEMA, STATUS, DATA_INATIVACAO, ID_PLANO_ATUAL, ID_CATEGORIA) values (247, '0143406921.60', 'Christalle Rathbone', '51.690.487-22', '449.161.211-19', '80 Trailsway Center', '2020-06-22', 'ATIVO', null, 2, 1);
insert into TB_ASSOCIADO (ID_ASSOCIADO, COD_CARTEIRINHA, NOME_COMPLETO, RG, CPF, ENDERECO, DATA_ENTRADA_SISTEMA, STATUS, DATA_INATIVACAO, ID_PLANO_ATUAL, ID_CATEGORIA) values (248, '4858933983.02', 'Fancie Fragino', '35.222.873-80', '202.380.485-24', '0866 Aberg Center', '2020-06-28', 'ATIVO', null, 2, 1);
insert into TB_ASSOCIADO (ID_ASSOCIADO, COD_CARTEIRINHA, NOME_COMPLETO, RG, CPF, ENDERECO, DATA_ENTRADA_SISTEMA, STATUS, DATA_INATIVACAO, ID_PLANO_ATUAL, ID_CATEGORIA) values (249, '5191439793.04', 'Hy Vautin', '40.929.326-23', '226.335.328-86', '958 Mallard Circle', '2020-06-25', 'ATIVO', null, 2, 1);
insert into TB_ASSOCIADO (ID_ASSOCIADO, COD_CARTEIRINHA, NOME_COMPLETO, RG, CPF, ENDERECO, DATA_ENTRADA_SISTEMA, STATUS, DATA_INATIVACAO, ID_PLANO_ATUAL, ID_CATEGORIA) values (250, '0117508197.81', 'Schuyler Penk', '52.860.971-35', '079.876.903-28', '5 Helena Center', '2020-06-17', 'ATIVO', null, 3, 1);
insert into TB_ASSOCIADO (ID_ASSOCIADO, COD_CARTEIRINHA, NOME_COMPLETO, RG, CPF, ENDERECO, DATA_ENTRADA_SISTEMA, STATUS, DATA_INATIVACAO, ID_PLANO_ATUAL, ID_CATEGORIA) values (251, '8703937855.57', 'Lindsay Reame', '59.263.918-18', '241.137.542-85', '9613 Sycamore Center', '2020-06-02', 'ATIVO', null, 3, 1);
insert into TB_ASSOCIADO (ID_ASSOCIADO, COD_CARTEIRINHA, NOME_COMPLETO, RG, CPF, ENDERECO, DATA_ENTRADA_SISTEMA, STATUS, DATA_INATIVACAO, ID_PLANO_ATUAL, ID_CATEGORIA) values (252, '7908731024.99', 'Marlane Trow', '90.378.522-26', '538.890.355-05', '28 Farragut Park', '2020-06-21', 'ATIVO', null, 2, 1);
insert into TB_ASSOCIADO (ID_ASSOCIADO, COD_CARTEIRINHA, NOME_COMPLETO, RG, CPF, ENDERECO, DATA_ENTRADA_SISTEMA, STATUS, DATA_INATIVACAO, ID_PLANO_ATUAL, ID_CATEGORIA) values (253, '6154292083.99', 'Brendan Culbert', '15.220.598-31', '563.644.292-99', '15 Valley Edge Terrace', '2020-06-26', 'ATIVO', null, 3, 1);
insert into TB_ASSOCIADO (ID_ASSOCIADO, COD_CARTEIRINHA, NOME_COMPLETO, RG, CPF, ENDERECO, DATA_ENTRADA_SISTEMA, STATUS, DATA_INATIVACAO, ID_PLANO_ATUAL, ID_CATEGORIA) values (254, '5209860838.27', 'Adela Peppard', '79.603.672-14', '659.297.102-45', '620 Delaware Terrace', '2020-06-20', 'ATIVO', null, 1, 1);
insert into TB_ASSOCIADO (ID_ASSOCIADO, COD_CARTEIRINHA, NOME_COMPLETO, RG, CPF, ENDERECO, DATA_ENTRADA_SISTEMA, STATUS, DATA_INATIVACAO, ID_PLANO_ATUAL, ID_CATEGORIA) values (255, '1996918727.01', 'Nady Siuda', '51.015.024-92', '155.140.703-66', '0546 Surrey Avenue', '2020-06-01', 'ATIVO', null, 3, 1);
insert into TB_ASSOCIADO (ID_ASSOCIADO, COD_CARTEIRINHA, NOME_COMPLETO, RG, CPF, ENDERECO, DATA_ENTRADA_SISTEMA, STATUS, DATA_INATIVACAO, ID_PLANO_ATUAL, ID_CATEGORIA) values (256, '2939888810.50', 'Stern Cowey', '82.009.447-16', '999.524.877-01', '591 Mccormick Circle', '2020-06-17', 'ATIVO', null, 2, 1);
insert into TB_ASSOCIADO (ID_ASSOCIADO, COD_CARTEIRINHA, NOME_COMPLETO, RG, CPF, ENDERECO, DATA_ENTRADA_SISTEMA, STATUS, DATA_INATIVACAO, ID_PLANO_ATUAL, ID_CATEGORIA) values (257, '7711899345.96', 'Egan Dey', '25.744.835-48', '674.969.972-65', '448 Butternut Place', '2020-06-12', 'ATIVO', null, 2, 1);
insert into TB_ASSOCIADO (ID_ASSOCIADO, COD_CARTEIRINHA, NOME_COMPLETO, RG, CPF, ENDERECO, DATA_ENTRADA_SISTEMA, STATUS, DATA_INATIVACAO, ID_PLANO_ATUAL, ID_CATEGORIA) values (258, '5489007739.79', 'Edgar Lidierth', '74.889.240-02', '340.492.283-72', '78159 Quincy Avenue', '2020-06-24', 'ATIVO', null, 3, 1);
insert into TB_ASSOCIADO (ID_ASSOCIADO, COD_CARTEIRINHA, NOME_COMPLETO, RG, CPF, ENDERECO, DATA_ENTRADA_SISTEMA, STATUS, DATA_INATIVACAO, ID_PLANO_ATUAL, ID_CATEGORIA) values (259, '7869232214.82', 'Aura Giacubbo', '23.397.186-66', '731.501.276-78', '0 Mockingbird Pass', '2020-06-03', 'ATIVO', null, 2, 1);
insert into TB_ASSOCIADO (ID_ASSOCIADO, COD_CARTEIRINHA, NOME_COMPLETO, RG, CPF, ENDERECO, DATA_ENTRADA_SISTEMA, STATUS, DATA_INATIVACAO, ID_PLANO_ATUAL, ID_CATEGORIA) values (260, '6653536971.54', 'Tonye Sykes', '87.699.277-71', '571.340.544-07', '9 Longview Pass', '2020-06-30', 'ATIVO', null, 1, 1);
insert into TB_ASSOCIADO (ID_ASSOCIADO, COD_CARTEIRINHA, NOME_COMPLETO, RG, CPF, ENDERECO, DATA_ENTRADA_SISTEMA, STATUS, DATA_INATIVACAO, ID_PLANO_ATUAL, ID_CATEGORIA) values (261, '6542853561.86', 'Say Kemet', '47.928.244-29', '637.194.055-44', '1 Pond Way', '2020-06-07', 'ATIVO', null, 3, 1);
insert into TB_ASSOCIADO (ID_ASSOCIADO, COD_CARTEIRINHA, NOME_COMPLETO, RG, CPF, ENDERECO, DATA_ENTRADA_SISTEMA, STATUS, DATA_INATIVACAO, ID_PLANO_ATUAL, ID_CATEGORIA) values (262, '6388246346.85', 'Gabriela Goldsberry', '33.397.303-03', '080.924.499-04', '41 7th Pass', '2020-06-12', 'ATIVO', null, 1, 1);
insert into TB_ASSOCIADO (ID_ASSOCIADO, COD_CARTEIRINHA, NOME_COMPLETO, RG, CPF, ENDERECO, DATA_ENTRADA_SISTEMA, STATUS, DATA_INATIVACAO, ID_PLANO_ATUAL, ID_CATEGORIA) values (263, '3840076079.46', 'Kata Instone', '12.826.389-84', '845.112.006-49', '35969 Havey Park', '2020-06-03', 'ATIVO', null, 1, 1);
insert into TB_ASSOCIADO (ID_ASSOCIADO, COD_CARTEIRINHA, NOME_COMPLETO, RG, CPF, ENDERECO, DATA_ENTRADA_SISTEMA, STATUS, DATA_INATIVACAO, ID_PLANO_ATUAL, ID_CATEGORIA) values (264, '5301051762.35', 'Jdavie Schust', '95.623.722-74', '364.845.361-03', '44 Havey Place', '2020-06-24', 'ATIVO', null, 1, 1);
insert into TB_ASSOCIADO (ID_ASSOCIADO, COD_CARTEIRINHA, NOME_COMPLETO, RG, CPF, ENDERECO, DATA_ENTRADA_SISTEMA, STATUS, DATA_INATIVACAO, ID_PLANO_ATUAL, ID_CATEGORIA) values (265, '1477206402.97', 'Ransom Farnes', '19.666.578-43', '922.854.137-52', '9063 Swallow Road', '2020-06-30', 'ATIVO', null, 1, 1);
insert into TB_ASSOCIADO (ID_ASSOCIADO, COD_CARTEIRINHA, NOME_COMPLETO, RG, CPF, ENDERECO, DATA_ENTRADA_SISTEMA, STATUS, DATA_INATIVACAO, ID_PLANO_ATUAL, ID_CATEGORIA) values (266, '5618328064.28', 'Pepillo Prine', '23.668.186-41', '457.572.204-98', '16 Burrows Lane', '2020-06-14', 'ATIVO', null, 2, 1);
insert into TB_ASSOCIADO (ID_ASSOCIADO, COD_CARTEIRINHA, NOME_COMPLETO, RG, CPF, ENDERECO, DATA_ENTRADA_SISTEMA, STATUS, DATA_INATIVACAO, ID_PLANO_ATUAL, ID_CATEGORIA) values (267, '1846076911.44', 'Ellen Michie', '42.933.107-72', '516.521.260-77', '40 4th Point', '2020-06-20', 'ATIVO', null, 1, 1);
insert into TB_ASSOCIADO (ID_ASSOCIADO, COD_CARTEIRINHA, NOME_COMPLETO, RG, CPF, ENDERECO, DATA_ENTRADA_SISTEMA, STATUS, DATA_INATIVACAO, ID_PLANO_ATUAL, ID_CATEGORIA) values (268, '3910981023.29', 'Ripley Pester', '13.217.053-56', '714.285.679-43', '3 1st Terrace', '2020-06-04', 'ATIVO', null, 3, 1);
insert into TB_ASSOCIADO (ID_ASSOCIADO, COD_CARTEIRINHA, NOME_COMPLETO, RG, CPF, ENDERECO, DATA_ENTRADA_SISTEMA, STATUS, DATA_INATIVACAO, ID_PLANO_ATUAL, ID_CATEGORIA) values (269, '2825636639.92', 'Stillmann Mc Meekin', '50.193.086-65', '248.576.487-33', '332 Ridgeway Parkway', '2020-06-06', 'ATIVO', null, 1, 1);
insert into TB_ASSOCIADO (ID_ASSOCIADO, COD_CARTEIRINHA, NOME_COMPLETO, RG, CPF, ENDERECO, DATA_ENTRADA_SISTEMA, STATUS, DATA_INATIVACAO, ID_PLANO_ATUAL, ID_CATEGORIA) values (270, '1102761064.67', 'Steffen Bater', '05.533.806-82', '527.768.763-72', '8 Nova Alley', '2020-06-21', 'ATIVO', null, 3, 1);
insert into TB_ASSOCIADO (ID_ASSOCIADO, COD_CARTEIRINHA, NOME_COMPLETO, RG, CPF, ENDERECO, DATA_ENTRADA_SISTEMA, STATUS, DATA_INATIVACAO, ID_PLANO_ATUAL, ID_CATEGORIA) values (271, '5534021263.80', 'Lucie Brideoke', '07.614.922-05', '233.536.599-46', '3 Lyons Place', '2020-06-08', 'ATIVO', null, 1, 1);
insert into TB_ASSOCIADO (ID_ASSOCIADO, COD_CARTEIRINHA, NOME_COMPLETO, RG, CPF, ENDERECO, DATA_ENTRADA_SISTEMA, STATUS, DATA_INATIVACAO, ID_PLANO_ATUAL, ID_CATEGORIA) values (272, '5681381805.95', 'Stanwood Thrustle', '66.439.863-62', '235.064.779-12', '23 Mayer Lane', '2020-06-28', 'ATIVO', null, 1, 1);
insert into TB_ASSOCIADO (ID_ASSOCIADO, COD_CARTEIRINHA, NOME_COMPLETO, RG, CPF, ENDERECO, DATA_ENTRADA_SISTEMA, STATUS, DATA_INATIVACAO, ID_PLANO_ATUAL, ID_CATEGORIA) values (273, '5416806649.28', 'Amata Lambersen', '94.885.536-85', '941.427.402-21', '730 Sullivan Place', '2020-06-10', 'ATIVO', null, 1, 1);
insert into TB_ASSOCIADO (ID_ASSOCIADO, COD_CARTEIRINHA, NOME_COMPLETO, RG, CPF, ENDERECO, DATA_ENTRADA_SISTEMA, STATUS, DATA_INATIVACAO, ID_PLANO_ATUAL, ID_CATEGORIA) values (274, '1254049148.74', 'Glenn Ferrarello', '06.713.468-60', '066.327.207-50', '9 Russell Court', '2020-06-13', 'ATIVO', null, 1, 1);
insert into TB_ASSOCIADO (ID_ASSOCIADO, COD_CARTEIRINHA, NOME_COMPLETO, RG, CPF, ENDERECO, DATA_ENTRADA_SISTEMA, STATUS, DATA_INATIVACAO, ID_PLANO_ATUAL, ID_CATEGORIA) values (275, '6615679695.91', 'Brita Treweke', '07.494.836-58', '281.842.735-29', '4708 Cherokee Junction', '2020-06-09', 'ATIVO', null, 2, 1);
insert into TB_ASSOCIADO (ID_ASSOCIADO, COD_CARTEIRINHA, NOME_COMPLETO, RG, CPF, ENDERECO, DATA_ENTRADA_SISTEMA, STATUS, DATA_INATIVACAO, ID_PLANO_ATUAL, ID_CATEGORIA) values (276, '4806898014.32', 'Lesli Frontczak', '67.124.939-12', '810.954.022-91', '9 Calypso Avenue', '2020-06-05', 'ATIVO', null, 1, 1);
insert into TB_ASSOCIADO (ID_ASSOCIADO, COD_CARTEIRINHA, NOME_COMPLETO, RG, CPF, ENDERECO, DATA_ENTRADA_SISTEMA, STATUS, DATA_INATIVACAO, ID_PLANO_ATUAL, ID_CATEGORIA) values (277, '9688681953.63', 'Vikki Kastel', '17.213.563-54', '223.300.006-98', '74789 8th Crossing', '2020-06-17', 'ATIVO', null, 1, 1);
insert into TB_ASSOCIADO (ID_ASSOCIADO, COD_CARTEIRINHA, NOME_COMPLETO, RG, CPF, ENDERECO, DATA_ENTRADA_SISTEMA, STATUS, DATA_INATIVACAO, ID_PLANO_ATUAL, ID_CATEGORIA) values (278, '8846688530.96', 'Brnaba Cummings', '96.307.133-40', '751.919.329-74', '9 Fairview Lane', '2020-06-25', 'ATIVO', null, 1, 1);
insert into TB_ASSOCIADO (ID_ASSOCIADO, COD_CARTEIRINHA, NOME_COMPLETO, RG, CPF, ENDERECO, DATA_ENTRADA_SISTEMA, STATUS, DATA_INATIVACAO, ID_PLANO_ATUAL, ID_CATEGORIA) values (279, '5817515184.84', 'Tanya Birrane', '52.062.739-81', '576.133.102-97', '426 Mockingbird Street', '2020-06-08', 'ATIVO', null, 3, 1);
insert into TB_ASSOCIADO (ID_ASSOCIADO, COD_CARTEIRINHA, NOME_COMPLETO, RG, CPF, ENDERECO, DATA_ENTRADA_SISTEMA, STATUS, DATA_INATIVACAO, ID_PLANO_ATUAL, ID_CATEGORIA) values (280, '8427395275.34', 'Rutledge Logsdail', '36.131.221-28', '218.177.093-48', '366 Vera Plaza', '2020-06-30', 'ATIVO', null, 2, 1);
insert into TB_ASSOCIADO (ID_ASSOCIADO, COD_CARTEIRINHA, NOME_COMPLETO, RG, CPF, ENDERECO, DATA_ENTRADA_SISTEMA, STATUS, DATA_INATIVACAO, ID_PLANO_ATUAL, ID_CATEGORIA) values (281, '4245811356.32', 'Jerrold Baitman', '20.972.681-46', '492.206.972-14', '2 Dovetail Pass', '2020-06-11', 'ATIVO', null, 3, 1);
insert into TB_ASSOCIADO (ID_ASSOCIADO, COD_CARTEIRINHA, NOME_COMPLETO, RG, CPF, ENDERECO, DATA_ENTRADA_SISTEMA, STATUS, DATA_INATIVACAO, ID_PLANO_ATUAL, ID_CATEGORIA) values (282, '2035521386.85', 'Timmi Sparsholt', '33.693.231-25', '984.443.592-85', '6417 Fairfield Hill', '2020-06-13', 'ATIVO', null, 3, 1);
insert into TB_ASSOCIADO (ID_ASSOCIADO, COD_CARTEIRINHA, NOME_COMPLETO, RG, CPF, ENDERECO, DATA_ENTRADA_SISTEMA, STATUS, DATA_INATIVACAO, ID_PLANO_ATUAL, ID_CATEGORIA) values (283, '1416053189.73', 'Gannon Kenyam', '03.928.649-88', '533.992.732-82', '3223 Fieldstone Point', '2020-06-14', 'ATIVO', null, 1, 1);
insert into TB_ASSOCIADO (ID_ASSOCIADO, COD_CARTEIRINHA, NOME_COMPLETO, RG, CPF, ENDERECO, DATA_ENTRADA_SISTEMA, STATUS, DATA_INATIVACAO, ID_PLANO_ATUAL, ID_CATEGORIA) values (284, '4429212717.80', 'Dorisa Ruddom', '36.250.474-28', '544.541.780-95', '7 Mockingbird Pass', '2020-06-25', 'ATIVO', null, 2, 1);
insert into TB_ASSOCIADO (ID_ASSOCIADO, COD_CARTEIRINHA, NOME_COMPLETO, RG, CPF, ENDERECO, DATA_ENTRADA_SISTEMA, STATUS, DATA_INATIVACAO, ID_PLANO_ATUAL, ID_CATEGORIA) values (285, '5781969429.09', 'Margery Assiratti', '94.489.949-56', '456.721.793-77', '60027 Weeping Birch Terrace', '2020-06-02', 'ATIVO', null, 3, 1);
insert into TB_ASSOCIADO (ID_ASSOCIADO, COD_CARTEIRINHA, NOME_COMPLETO, RG, CPF, ENDERECO, DATA_ENTRADA_SISTEMA, STATUS, DATA_INATIVACAO, ID_PLANO_ATUAL, ID_CATEGORIA) values (286, '2113435715.78', 'Elset Prozescky', '84.857.448-27', '635.882.275-26', '113 Lillian Place', '2020-06-14', 'ATIVO', null, 1, 1);
insert into TB_ASSOCIADO (ID_ASSOCIADO, COD_CARTEIRINHA, NOME_COMPLETO, RG, CPF, ENDERECO, DATA_ENTRADA_SISTEMA, STATUS, DATA_INATIVACAO, ID_PLANO_ATUAL, ID_CATEGORIA) values (287, '7742562408.13', 'Faythe Mityushin', '32.067.895-40', '810.198.465-20', '88 Tony Court', '2020-06-20', 'ATIVO', null, 1, 1);
insert into TB_ASSOCIADO (ID_ASSOCIADO, COD_CARTEIRINHA, NOME_COMPLETO, RG, CPF, ENDERECO, DATA_ENTRADA_SISTEMA, STATUS, DATA_INATIVACAO, ID_PLANO_ATUAL, ID_CATEGORIA) values (288, '5433316908.82', 'Wendall Cerith', '42.557.071-23', '546.247.772-98', '66271 Becker Hill', '2020-06-29', 'ATIVO', null, 2, 1);
insert into TB_ASSOCIADO (ID_ASSOCIADO, COD_CARTEIRINHA, NOME_COMPLETO, RG, CPF, ENDERECO, DATA_ENTRADA_SISTEMA, STATUS, DATA_INATIVACAO, ID_PLANO_ATUAL, ID_CATEGORIA) values (289, '1702597158.03', 'Dell Paolucci', '42.167.343-77', '717.941.580-84', '0 Main Hill', '2020-06-16', 'ATIVO', null, 2, 1);
insert into TB_ASSOCIADO (ID_ASSOCIADO, COD_CARTEIRINHA, NOME_COMPLETO, RG, CPF, ENDERECO, DATA_ENTRADA_SISTEMA, STATUS, DATA_INATIVACAO, ID_PLANO_ATUAL, ID_CATEGORIA) values (290, '5036405690.26', 'Bethanne Pickthall', '95.035.257-73', '837.509.690-64', '71 Pearson Way', '2020-06-27', 'ATIVO', null, 1, 1);
insert into TB_ASSOCIADO (ID_ASSOCIADO, COD_CARTEIRINHA, NOME_COMPLETO, RG, CPF, ENDERECO, DATA_ENTRADA_SISTEMA, STATUS, DATA_INATIVACAO, ID_PLANO_ATUAL, ID_CATEGORIA) values (291, '2126725899.24', 'Moyna Hatt', '28.086.028-78', '870.023.707-05', '7 Lindbergh Park', '2020-06-11', 'ATIVO', null, 2, 1);
insert into TB_ASSOCIADO (ID_ASSOCIADO, COD_CARTEIRINHA, NOME_COMPLETO, RG, CPF, ENDERECO, DATA_ENTRADA_SISTEMA, STATUS, DATA_INATIVACAO, ID_PLANO_ATUAL, ID_CATEGORIA) values (292, '8080764542.28', 'Raff Raynard', '91.745.950-04', '492.492.239-88', '9614 Arapahoe Street', '2020-06-27', 'ATIVO', null, 3, 1);
insert into TB_ASSOCIADO (ID_ASSOCIADO, COD_CARTEIRINHA, NOME_COMPLETO, RG, CPF, ENDERECO, DATA_ENTRADA_SISTEMA, STATUS, DATA_INATIVACAO, ID_PLANO_ATUAL, ID_CATEGORIA) values (293, '1642269452.89', 'Norry Ludl', '86.135.305-05', '853.793.373-47', '71 Westerfield Circle', '2020-06-10', 'ATIVO', null, 3, 1);
insert into TB_ASSOCIADO (ID_ASSOCIADO, COD_CARTEIRINHA, NOME_COMPLETO, RG, CPF, ENDERECO, DATA_ENTRADA_SISTEMA, STATUS, DATA_INATIVACAO, ID_PLANO_ATUAL, ID_CATEGORIA) values (294, '9065508049.71', 'Fawnia Fritschel', '66.986.002-07', '407.679.053-23', '0 Prairie Rose Point', '2020-06-19', 'ATIVO', null, 1, 1);
insert into TB_ASSOCIADO (ID_ASSOCIADO, COD_CARTEIRINHA, NOME_COMPLETO, RG, CPF, ENDERECO, DATA_ENTRADA_SISTEMA, STATUS, DATA_INATIVACAO, ID_PLANO_ATUAL, ID_CATEGORIA) values (295, '4520577213.06', 'Nelly Ivan', '95.514.534-66', '640.533.318-95', '43379 Grover Road', '2020-06-11', 'ATIVO', null, 2, 1);
insert into TB_ASSOCIADO (ID_ASSOCIADO, COD_CARTEIRINHA, NOME_COMPLETO, RG, CPF, ENDERECO, DATA_ENTRADA_SISTEMA, STATUS, DATA_INATIVACAO, ID_PLANO_ATUAL, ID_CATEGORIA) values (296, '7264246293.41', 'Buffy Gliddon', '64.317.870-65', '552.700.726-78', '27 High Crossing Center', '2020-06-06', 'ATIVO', null, 3, 1);
insert into TB_ASSOCIADO (ID_ASSOCIADO, COD_CARTEIRINHA, NOME_COMPLETO, RG, CPF, ENDERECO, DATA_ENTRADA_SISTEMA, STATUS, DATA_INATIVACAO, ID_PLANO_ATUAL, ID_CATEGORIA) values (297, '3003067230.12', 'Norton Tollerfield', '24.409.322-96', '020.210.629-72', '0 Reindahl Court', '2020-06-02', 'ATIVO', null, 1, 1);
insert into TB_ASSOCIADO (ID_ASSOCIADO, COD_CARTEIRINHA, NOME_COMPLETO, RG, CPF, ENDERECO, DATA_ENTRADA_SISTEMA, STATUS, DATA_INATIVACAO, ID_PLANO_ATUAL, ID_CATEGORIA) values (298, '5862691526.25', 'Tuck Wringe', '83.950.166-71', '949.043.533-40', '02 Acker Park', '2020-06-05', 'INATIVO', '2021-01-01', 3, 1);
insert into TB_ASSOCIADO (ID_ASSOCIADO, COD_CARTEIRINHA, NOME_COMPLETO, RG, CPF, ENDERECO, DATA_ENTRADA_SISTEMA, STATUS, DATA_INATIVACAO, ID_PLANO_ATUAL, ID_CATEGORIA) values (299, '3702904025.22', 'Idell Arnaudon', '07.817.651-40', '168.318.009-40', '496 Transport Junction', '2020-06-05', 'ATIVO', null, 3, 1);
insert into TB_ASSOCIADO (ID_ASSOCIADO, COD_CARTEIRINHA, NOME_COMPLETO, RG, CPF, ENDERECO, DATA_ENTRADA_SISTEMA, STATUS, DATA_INATIVACAO, ID_PLANO_ATUAL, ID_CATEGORIA) values (300, '9022480847.74', 'Berton Vernall', '45.004.167-96', '204.996.937-09', '3385 Westport Point', '2020-06-23', 'ATIVO', null, 2, 1);

-- INSERÇÕES NA TABELA ASSOCIADO_TELEFONE
insert into TB_ASSOCIADO_TELEFONE (ID_ASSOCIADO_TELEFONE, ID_ASSOCIADO, TELEFONE) values (1, 1, '(02)6967-43656');
insert into TB_ASSOCIADO_TELEFONE (ID_ASSOCIADO_TELEFONE, ID_ASSOCIADO, TELEFONE) values (2, 2, '(13)0675-51756');
insert into TB_ASSOCIADO_TELEFONE (ID_ASSOCIADO_TELEFONE, ID_ASSOCIADO, TELEFONE) values (3, 3, '(65)5857-98570');
insert into TB_ASSOCIADO_TELEFONE (ID_ASSOCIADO_TELEFONE, ID_ASSOCIADO, TELEFONE) values (4, 4, '(24)5499-99940');
insert into TB_ASSOCIADO_TELEFONE (ID_ASSOCIADO_TELEFONE, ID_ASSOCIADO, TELEFONE) values (5, 5, '(80)6981-23254');
insert into TB_ASSOCIADO_TELEFONE (ID_ASSOCIADO_TELEFONE, ID_ASSOCIADO, TELEFONE) values (6, 6, '(05)7946-99561');
insert into TB_ASSOCIADO_TELEFONE (ID_ASSOCIADO_TELEFONE, ID_ASSOCIADO, TELEFONE) values (7, 7, '(54)3705-31803');
insert into TB_ASSOCIADO_TELEFONE (ID_ASSOCIADO_TELEFONE, ID_ASSOCIADO, TELEFONE) values (8, 50, '(40)4315-27937');
insert into TB_ASSOCIADO_TELEFONE (ID_ASSOCIADO_TELEFONE, ID_ASSOCIADO, TELEFONE) values (9, 50, '(08)6346-09567');
insert into TB_ASSOCIADO_TELEFONE (ID_ASSOCIADO_TELEFONE, ID_ASSOCIADO, TELEFONE) values (10, 50, '(64)3573-21567');
insert into TB_ASSOCIADO_TELEFONE (ID_ASSOCIADO_TELEFONE, ID_ASSOCIADO, TELEFONE) values (11, 71, '(62)3352-27688');
insert into TB_ASSOCIADO_TELEFONE (ID_ASSOCIADO_TELEFONE, ID_ASSOCIADO, TELEFONE) values (12, 71, '(77)4757-93189');
insert into TB_ASSOCIADO_TELEFONE (ID_ASSOCIADO_TELEFONE, ID_ASSOCIADO, TELEFONE) values (13, 80, '(37)0203-75121');
insert into TB_ASSOCIADO_TELEFONE (ID_ASSOCIADO_TELEFONE, ID_ASSOCIADO, TELEFONE) values (14, 150, '(84)2222-07036');
insert into TB_ASSOCIADO_TELEFONE (ID_ASSOCIADO_TELEFONE, ID_ASSOCIADO, TELEFONE) values (15, 201, '(45)1884-84796');
insert into TB_ASSOCIADO_TELEFONE (ID_ASSOCIADO_TELEFONE, ID_ASSOCIADO, TELEFONE) values (16, 201, '(33)1984-98508');
insert into TB_ASSOCIADO_TELEFONE (ID_ASSOCIADO_TELEFONE, ID_ASSOCIADO, TELEFONE) values (17, 201, '(48)4481-47718');
insert into TB_ASSOCIADO_TELEFONE (ID_ASSOCIADO_TELEFONE, ID_ASSOCIADO, TELEFONE) values (18, 288, '(23)6426-05137');

-- INSERÇÕES NA TABELA HISTICO_ASSOCIADO_PLANO
INSERT INTO TB_HISTORICO_ASSOCIADO_PLANO(ID_HISTORICO_ASSOCIADO_PLANO, ID_ASSOCIADO, ID_PLANO, DATA_INICIO_VIGENCIA, DATA_FIM_VIGENCIA) VALUES (1, 1, (SELECT ID_PLANO_ATUAL FROM TB_ASSOCIADO WHERE ID_ASSOCIADO = 1), (SELECT DATA_ENTRADA_SISTEMA FROM TB_ASSOCIADO WHERE ID_ASSOCIADO = 1), '2022-01-01');
INSERT INTO TB_HISTORICO_ASSOCIADO_PLANO(ID_HISTORICO_ASSOCIADO_PLANO, ID_ASSOCIADO, ID_PLANO, DATA_INICIO_VIGENCIA, DATA_FIM_VIGENCIA) VALUES (2, 2, (SELECT ID_PLANO_ATUAL FROM TB_ASSOCIADO WHERE ID_ASSOCIADO = 2), (SELECT DATA_ENTRADA_SISTEMA FROM TB_ASSOCIADO WHERE ID_ASSOCIADO = 2), '2022-01-01');
INSERT INTO TB_HISTORICO_ASSOCIADO_PLANO(ID_HISTORICO_ASSOCIADO_PLANO, ID_ASSOCIADO, ID_PLANO, DATA_INICIO_VIGENCIA, DATA_FIM_VIGENCIA) VALUES (3, 3, (SELECT ID_PLANO_ATUAL FROM TB_ASSOCIADO WHERE ID_ASSOCIADO = 3), (SELECT DATA_ENTRADA_SISTEMA FROM TB_ASSOCIADO WHERE ID_ASSOCIADO = 3), '2022-01-01');
INSERT INTO TB_HISTORICO_ASSOCIADO_PLANO(ID_HISTORICO_ASSOCIADO_PLANO, ID_ASSOCIADO, ID_PLANO, DATA_INICIO_VIGENCIA, DATA_FIM_VIGENCIA) VALUES (4, 4, (SELECT ID_PLANO_ATUAL FROM TB_ASSOCIADO WHERE ID_ASSOCIADO = 4), (SELECT DATA_ENTRADA_SISTEMA FROM TB_ASSOCIADO WHERE ID_ASSOCIADO = 4), '2019-01-01');
INSERT INTO TB_HISTORICO_ASSOCIADO_PLANO(ID_HISTORICO_ASSOCIADO_PLANO, ID_ASSOCIADO, ID_PLANO, DATA_INICIO_VIGENCIA, DATA_FIM_VIGENCIA) VALUES (5, 5, (SELECT ID_PLANO_ATUAL FROM TB_ASSOCIADO WHERE ID_ASSOCIADO = 5), (SELECT DATA_ENTRADA_SISTEMA FROM TB_ASSOCIADO WHERE ID_ASSOCIADO = 5), '2022-01-01');
INSERT INTO TB_HISTORICO_ASSOCIADO_PLANO(ID_HISTORICO_ASSOCIADO_PLANO, ID_ASSOCIADO, ID_PLANO, DATA_INICIO_VIGENCIA, DATA_FIM_VIGENCIA) VALUES (6, 6, (SELECT ID_PLANO_ATUAL FROM TB_ASSOCIADO WHERE ID_ASSOCIADO = 6), (SELECT DATA_ENTRADA_SISTEMA FROM TB_ASSOCIADO WHERE ID_ASSOCIADO = 6), '2022-01-01');
INSERT INTO TB_HISTORICO_ASSOCIADO_PLANO(ID_HISTORICO_ASSOCIADO_PLANO, ID_ASSOCIADO, ID_PLANO, DATA_INICIO_VIGENCIA, DATA_FIM_VIGENCIA) VALUES (7, 7, (SELECT ID_PLANO_ATUAL FROM TB_ASSOCIADO WHERE ID_ASSOCIADO = 7), (SELECT DATA_ENTRADA_SISTEMA FROM TB_ASSOCIADO WHERE ID_ASSOCIADO = 7), '2022-01-01');
INSERT INTO TB_HISTORICO_ASSOCIADO_PLANO(ID_HISTORICO_ASSOCIADO_PLANO, ID_ASSOCIADO, ID_PLANO, DATA_INICIO_VIGENCIA, DATA_FIM_VIGENCIA) VALUES (8, 8, (SELECT ID_PLANO_ATUAL FROM TB_ASSOCIADO WHERE ID_ASSOCIADO = 8), (SELECT DATA_ENTRADA_SISTEMA FROM TB_ASSOCIADO WHERE ID_ASSOCIADO = 8), '2019-01-01');
INSERT INTO TB_HISTORICO_ASSOCIADO_PLANO(ID_HISTORICO_ASSOCIADO_PLANO, ID_ASSOCIADO, ID_PLANO, DATA_INICIO_VIGENCIA, DATA_FIM_VIGENCIA) VALUES (9, 9, (SELECT ID_PLANO_ATUAL FROM TB_ASSOCIADO WHERE ID_ASSOCIADO = 9), (SELECT DATA_ENTRADA_SISTEMA FROM TB_ASSOCIADO WHERE ID_ASSOCIADO = 9), '2022-01-01');
INSERT INTO TB_HISTORICO_ASSOCIADO_PLANO(ID_HISTORICO_ASSOCIADO_PLANO, ID_ASSOCIADO, ID_PLANO, DATA_INICIO_VIGENCIA, DATA_FIM_VIGENCIA) VALUES (10, 10, (SELECT ID_PLANO_ATUAL FROM TB_ASSOCIADO WHERE ID_ASSOCIADO = 10), (SELECT DATA_ENTRADA_SISTEMA FROM TB_ASSOCIADO WHERE ID_ASSOCIADO = 10), '2022-01-01');
INSERT INTO TB_HISTORICO_ASSOCIADO_PLANO(ID_HISTORICO_ASSOCIADO_PLANO, ID_ASSOCIADO, ID_PLANO, DATA_INICIO_VIGENCIA, DATA_FIM_VIGENCIA) VALUES (11, 11, (SELECT ID_PLANO_ATUAL FROM TB_ASSOCIADO WHERE ID_ASSOCIADO = 11), (SELECT DATA_ENTRADA_SISTEMA FROM TB_ASSOCIADO WHERE ID_ASSOCIADO = 11), '2022-01-01');

-- INSERÇÕES NA TABELA ASSOCIADO_CONTRATO
insert into TB_ASSOCIADO_CONTRATO (ID_ASSOCIADO_CONTRATO, ID_ASSOCIADO, ID_VENDEDOR, DATA_INICIO_CONTRATO, DATA_FIM_CONTRATO) values (1, 1, 2, '2020-01-04', '2022-01-05');
insert into TB_ASSOCIADO_CONTRATO (ID_ASSOCIADO_CONTRATO, ID_ASSOCIADO, ID_VENDEDOR, DATA_INICIO_CONTRATO, DATA_FIM_CONTRATO) values (2, 2, 3, '2020-01-05', '2022-01-04');
insert into TB_ASSOCIADO_CONTRATO (ID_ASSOCIADO_CONTRATO, ID_ASSOCIADO, ID_VENDEDOR, DATA_INICIO_CONTRATO, DATA_FIM_CONTRATO) values (3, 3, 3, '2020-01-04', '2022-01-02');
insert into TB_ASSOCIADO_CONTRATO (ID_ASSOCIADO_CONTRATO, ID_ASSOCIADO, ID_VENDEDOR, DATA_INICIO_CONTRATO, DATA_FIM_CONTRATO) values (4, 4, 8, '2020-01-03', '2022-01-03');
insert into TB_ASSOCIADO_CONTRATO (ID_ASSOCIADO_CONTRATO, ID_ASSOCIADO, ID_VENDEDOR, DATA_INICIO_CONTRATO, DATA_FIM_CONTRATO) values (5, 5, 6, '2020-01-03', '2022-01-03');
insert into TB_ASSOCIADO_CONTRATO (ID_ASSOCIADO_CONTRATO, ID_ASSOCIADO, ID_VENDEDOR, DATA_INICIO_CONTRATO, DATA_FIM_CONTRATO) values (6, 6, 7, '2020-01-03', '2022-01-04');
insert into TB_ASSOCIADO_CONTRATO (ID_ASSOCIADO_CONTRATO, ID_ASSOCIADO, ID_VENDEDOR, DATA_INICIO_CONTRATO, DATA_FIM_CONTRATO) values (7, 7, 7, '2020-01-04', '2022-01-02');
insert into TB_ASSOCIADO_CONTRATO (ID_ASSOCIADO_CONTRATO, ID_ASSOCIADO, ID_VENDEDOR, DATA_INICIO_CONTRATO, DATA_FIM_CONTRATO) values (8, 8, 6, '2020-01-04', '2022-01-03');
insert into TB_ASSOCIADO_CONTRATO (ID_ASSOCIADO_CONTRATO, ID_ASSOCIADO, ID_VENDEDOR, DATA_INICIO_CONTRATO, DATA_FIM_CONTRATO) values (9, 9, 9, '2020-01-01', '2022-01-03');
insert into TB_ASSOCIADO_CONTRATO (ID_ASSOCIADO_CONTRATO, ID_ASSOCIADO, ID_VENDEDOR, DATA_INICIO_CONTRATO, DATA_FIM_CONTRATO) values (10, 10, 2, '2020-01-02', '2022-01-01');
insert into TB_ASSOCIADO_CONTRATO (ID_ASSOCIADO_CONTRATO, ID_ASSOCIADO, ID_VENDEDOR, DATA_INICIO_CONTRATO, DATA_FIM_CONTRATO) values (11, 11, 5, '2020-01-02', '2022-01-03');

-- INSERÇÕES NA TABELA FATURA
insert into TB_FATURA (ID_FATURA, ID_ASSOCIADO, VALOR_TOTAL_FATURA, DATA_VENCIMENTO_FATURA, FATURA_QUITADA, DATA_QUITACAO_FATURA) values (1, 4, 26, '2022-01-01', 'SIM', null);
insert into TB_FATURA (ID_FATURA, ID_ASSOCIADO, VALOR_TOTAL_FATURA, DATA_VENCIMENTO_FATURA, FATURA_QUITADA, DATA_QUITACAO_FATURA) values (2, 7, 17, '2022-01-01', 'SIM', null);
insert into TB_FATURA (ID_FATURA, ID_ASSOCIADO, VALOR_TOTAL_FATURA, DATA_VENCIMENTO_FATURA, FATURA_QUITADA, DATA_QUITACAO_FATURA) values (3, 6, 69, '2022-01-01', 'SIM', null);
insert into TB_FATURA (ID_FATURA, ID_ASSOCIADO, VALOR_TOTAL_FATURA, DATA_VENCIMENTO_FATURA, FATURA_QUITADA, DATA_QUITACAO_FATURA) values (4, 8, 49, '2022-01-01', 'NAO', null);
insert into TB_FATURA (ID_FATURA, ID_ASSOCIADO, VALOR_TOTAL_FATURA, DATA_VENCIMENTO_FATURA, FATURA_QUITADA, DATA_QUITACAO_FATURA) values (5, 1, 66, '2022-01-01', 'SIM', null);
insert into TB_FATURA (ID_FATURA, ID_ASSOCIADO, VALOR_TOTAL_FATURA, DATA_VENCIMENTO_FATURA, FATURA_QUITADA, DATA_QUITACAO_FATURA) values (6, 7, 90, '2022-01-01', 'NAO', null);
insert into TB_FATURA (ID_FATURA, ID_ASSOCIADO, VALOR_TOTAL_FATURA, DATA_VENCIMENTO_FATURA, FATURA_QUITADA, DATA_QUITACAO_FATURA) values (7, 6, 38, '2022-01-01', 'SIM', null);
insert into TB_FATURA (ID_FATURA, ID_ASSOCIADO, VALOR_TOTAL_FATURA, DATA_VENCIMENTO_FATURA, FATURA_QUITADA, DATA_QUITACAO_FATURA) values (8, 2, 21, '2022-01-01', 'NAO', null);
insert into TB_FATURA (ID_FATURA, ID_ASSOCIADO, VALOR_TOTAL_FATURA, DATA_VENCIMENTO_FATURA, FATURA_QUITADA, DATA_QUITACAO_FATURA) values (9, 10, 40, '2022-01-01', 'NAO', null);
insert into TB_FATURA (ID_FATURA, ID_ASSOCIADO, VALOR_TOTAL_FATURA, DATA_VENCIMENTO_FATURA, FATURA_QUITADA, DATA_QUITACAO_FATURA) values (10, 4, 49, '2022-01-01', 'SIM', null);

-- INSERÇÕES NA TABELA ITEM_FATURA
insert into TB_FATURA_ITEM (ID_FATURA_ITEM, ID_FATURA, VL_ITEM_FATURA) values (1, 4, 71);
insert into TB_FATURA_ITEM (ID_FATURA_ITEM, ID_FATURA, VL_ITEM_FATURA) values (2, 10, 29);
insert into TB_FATURA_ITEM (ID_FATURA_ITEM, ID_FATURA, VL_ITEM_FATURA) values (3, 8, 46);
insert into TB_FATURA_ITEM (ID_FATURA_ITEM, ID_FATURA, VL_ITEM_FATURA) values (4, 9, 14);
insert into TB_FATURA_ITEM (ID_FATURA_ITEM, ID_FATURA, VL_ITEM_FATURA) values (5, 6, 20);
insert into TB_FATURA_ITEM (ID_FATURA_ITEM, ID_FATURA, VL_ITEM_FATURA) values (6, 10, 27);
insert into TB_FATURA_ITEM (ID_FATURA_ITEM, ID_FATURA, VL_ITEM_FATURA) values (7, 8, 86);
insert into TB_FATURA_ITEM (ID_FATURA_ITEM, ID_FATURA, VL_ITEM_FATURA) values (8, 10, 57);
insert into TB_FATURA_ITEM (ID_FATURA_ITEM, ID_FATURA, VL_ITEM_FATURA) values (9, 10, 40);
insert into TB_FATURA_ITEM (ID_FATURA_ITEM, ID_FATURA, VL_ITEM_FATURA) values (10, 10, 44);

